,ds,trend,yhat_lower,yhat_upper,trend_lower,trend_upper,Asunción de la Virgen,Asunción de la Virgen_lower,Asunción de la Virgen_upper,Año nuevo,Año nuevo_lower,Año nuevo_upper,CFSDay,CFSDay_lower,CFSDay_upper,Día de la Constitución Española,Día de la Constitución Española_lower,Día de la Constitución Española_upper,Día de la Hispanidad,Día de la Hispanidad_lower,Día de la Hispanidad_upper,Día del Trabajador (Trasladado),Día del Trabajador (Trasladado)_lower,Día del Trabajador (Trasladado)_upper,Epifanía del Señor,Epifanía del Señor_lower,Epifanía del Señor_upper,LPPDay,LPPDay_lower,LPPDay_upper,La Inmaculada Concepción,La Inmaculada Concepción_lower,La Inmaculada Concepción_upper,Navidad (Trasladado),Navidad (Trasladado)_lower,Navidad (Trasladado)_upper,Openning,Openning_lower,Openning_upper,PN1,PN1_lower,PN1_upper,PN2,PN2_lower,PN2_upper,PN3,PN3_lower,PN3_upper,PN4,PN4_lower,PN4_upper,PN5,PN5_lower,PN5_upper,SuperSpike,SuperSpike_lower,SuperSpike_upper,Todos los Santos,Todos los Santos_lower,Todos los Santos_upper,Viernes Santo,Viernes Santo_lower,Viernes Santo_upper,VoucherDay,VoucherDay_lower,VoucherDay_upper,holidays,holidays_lower,holidays_upper,multiplicative_terms,multiplicative_terms_lower,multiplicative_terms_upper,weekly,weekly_lower,weekly_upper,additive_terms,additive_terms_lower,additive_terms_upper,yhat
0,2022-02-01,66904.37455907982,68772.14699913019,75095.54524052785,66904.37455907982,66904.37455907982,0.0,0.0,0.0,0.0,0.0,0.0,0.0,0.0,0.0,0.0,0.0,0.0,0.0,0.0,0.0,0.0,0.0,0.0,0.0,0.0,0.0,0.0,0.0,0.0,0.0,0.0,0.0,0.0,0.0,0.0,0.0,0.0,0.0,0.0,0.0,0.0,0.0,0.0,0.0,0.0,0.0,0.0,0.0,0.0,0.0,0.0,0.0,0.0,0.0,0.0,0.0,0.0,0.0,0.0,0.0,0.0,0.0,0.008826141790361374,0.008826141790361374,0.008826141790361374,0.008826141790361374,0.008826141790361374,0.008826141790361374,0.07541125710751895,0.07541125710751895,0.07541125710751895,0.06658511531715758,0.06658511531715758,0.06658511531715758,0.0,0.0,0.0,71949.71755057234
1,2022-02-02,66937.543473044,74071.44164591971,80254.3308033872,66937.543473044,66937.543473044,0.0,0.0,0.0,0.0,0.0,0.0,0.0,0.0,0.0,0.0,0.0,0.0,0.0,0.0,0.0,0.0,0.0,0.0,0.0,0.0,0.0,0.0,0.0,0.0,0.0,0.0,0.0,0.0,0.0,0.0,0.0,0.0,0.0,0.07869257072735868,0.07869257072735868,0.07869257072735868,0.0,0.0,0.0,0.0,0.0,0.0,0.0,0.0,0.0,0.0,0.0,0.0,0.0,0.0,0.0,0.0,0.0,0.0,0.0,0.0,0.0,0.041161540676206386,0.041161540676206386,0.041161540676206386,0.11985411140356506,0.11985411140356506,0.11985411140356506,0.15267552781246865,0.15267552781246865,0.15267552781246865,0.03282141640890358,0.03282141640890358,0.03282141640890358,0.0,0.0,0.0,77157.26825326106
2,2022-02-03,66970.71238700817,71879.56115968956,78194.02245509862,66970.71238700817,66970.71238700817,0.0,0.0,0.0,0.0,0.0,0.0,0.0,0.0,0.0,0.0,0.0,0.0,0.0,0.0,0.0,0.0,0.0,0.0,0.0,0.0,0.0,0.0,0.0,0.0,0.0,0.0,0.0,0.0,0.0,0.0,0.0,0.0,0.0,0.08989084400380629,0.08989084400380629,0.08989084400380629,0.0,0.0,0.0,0.0,0.0,0.0,0.0,0.0,0.0,0.0,0.0,0.0,0.0,0.0,0.0,0.0,0.0,0.0,0.0,0.0,0.0,0.008826141790361374,0.008826141790361374,0.008826141790361374,0.09871698579416766,0.09871698579416766,0.09871698579416766,0.11746399382502169,0.11746399382502169,0.11746399382502169,0.01874700803085404,0.01874700803085404,0.01874700803085404,0.0,0.0,0.0,74837.35973329301
3,2022-02-04,67003.88130097237,62720.67273237923,69271.84220780541,67003.88130097237,67003.88130097237,0.0,0.0,0.0,0.0,0.0,0.0,0.0,0.0,0.0,0.0,0.0,0.0,0.0,0.0,0.0,0.0,0.0,0.0,0.0,0.0,0.0,0.0,0.0,0.0,0.0,0.0,0.0,0.0,0.0,0.0,0.0,0.0,0.0,0.01119827327644761,0.01119827327644761,0.01119827327644761,0.0,0.0,0.0,0.0,0.0,0.0,0.0,0.0,0.0,0.0,0.0,0.0,0.0,0.0,0.0,0.0,0.0,0.0,0.0,0.0,0.0,0.0,0.0,0.0,0.01119827327644761,0.01119827327644761,0.01119827327644761,-0.014033549073463804,-0.014033549073463804,-0.014033549073463804,-0.025231822349911413,-0.025231822349911413,-0.025231822349911413,0.0,0.0,0.0,66063.57904462263
4,2022-02-05,67037.05009906071,56390.504284235845,62386.8423526539,67037.05009906071,67037.05009906071,0.0,0.0,0.0,0.0,0.0,0.0,0.0,0.0,0.0,0.0,0.0,0.0,0.0,0.0,0.0,0.0,0.0,0.0,0.0,0.0,0.0,0.0,0.0,0.0,0.0,0.0,0.0,0.0,0.0,0.0,0.0,0.0,0.0,0.0,0.0,0.0,0.0,0.0,0.0,0.0,0.0,0.0,0.0,0.0,0.0,0.0,0.0,0.0,0.0,0.0,0.0,0.0,0.0,0.0,0.0,0.0,0.0,0.0,0.0,0.0,0.0,0.0,0.0,-0.11497868590043285,-0.11497868590043285,-0.11497868590043285,-0.11497868590043285,-0.11497868590043285,-0.11497868590043285,0.0,0.0,0.0,59329.21817202923
5,2022-02-06,67070.21889714905,62505.008403811575,68831.26920750471,67070.21889714905,67070.21889714905,0.0,0.0,0.0,0.0,0.0,0.0,0.0,0.0,0.0,0.0,0.0,0.0,0.0,0.0,0.0,0.0,0.0,0.0,0.0,0.0,0.0,0.0,0.0,0.0,0.0,0.0,0.0,0.0,0.0,0.0,0.0,0.0,0.0,0.0,0.0,0.0,0.0,0.0,0.0,0.0,0.0,0.0,0.0,0.0,0.0,0.0,0.0,0.0,0.0,0.0,0.0,0.0,0.0,0.0,0.0,0.0,0.0,0.0,0.0,0.0,0.0,0.0,0.0,-0.021274689880464204,-0.021274689880464204,-0.021274689880464204,-0.021274689880464204,-0.021274689880464204,-0.021274689880464204,0.0,0.0,0.0,65643.32078989736
6,2022-02-07,67103.38769523741,66980.70900079931,73371.19560701394,67103.38769523741,67103.38769523741,0.0,0.0,0.0,0.0,0.0,0.0,0.0,0.0,0.0,0.0,0.0,0.0,0.0,0.0,0.0,0.0,0.0,0.0,0.0,0.0,0.0,0.0,0.0,0.0,0.0,0.0,0.0,0.0,0.0,0.0,0.0,0.0,0.0,0.0,0.0,0.0,0.0,0.0,0.0,0.0,0.0,0.0,0.0,0.0,0.0,0.0,0.0,0.0,0.0,0.0,0.0,0.0,0.0,0.0,0.0,0.0,0.0,0.0,0.0,0.0,0.0,0.0,0.0,0.04333165837374714,0.04333165837374714,0.04333165837374714,0.04333165837374714,0.04333165837374714,0.04333165837374714,0.0,0.0,0.0,70011.08876656854
7,2022-02-08,67136.55649332576,68405.15142884021,74588.92544022544,67136.55649332576,67136.55649332576,0.0,0.0,0.0,0.0,0.0,0.0,0.0,0.0,0.0,0.0,0.0,0.0,0.0,0.0,0.0,0.0,0.0,0.0,0.0,0.0,0.0,0.0,0.0,0.0,0.0,0.0,0.0,0.0,0.0,0.0,0.0,0.0,0.0,0.0,0.0,0.0,0.0,0.0,0.0,0.0,0.0,0.0,0.0,0.0,0.0,0.0,0.0,0.0,0.0,0.0,0.0,0.0,0.0,0.0,0.0,0.0,0.0,0.0,0.0,0.0,0.0,0.0,0.0,0.0665851153171094,0.0665851153171094,0.0665851153171094,0.0665851153171094,0.0665851153171094,0.0665851153171094,0.0,0.0,0.0,71606.85184942748
8,2022-02-09,67129.05743988666,66249.10087697148,72241.30587716444,67129.05743988666,67129.05743988666,0.0,0.0,0.0,0.0,0.0,0.0,0.0,0.0,0.0,0.0,0.0,0.0,0.0,0.0,0.0,0.0,0.0,0.0,0.0,0.0,0.0,0.0,0.0,0.0,0.0,0.0,0.0,0.0,0.0,0.0,0.0,0.0,0.0,0.0,0.0,0.0,0.0,0.0,0.0,0.0,0.0,0.0,0.0,0.0,0.0,0.0,0.0,0.0,0.0,0.0,0.0,0.0,0.0,0.0,0.0,0.0,0.0,0.0,0.0,0.0,0.0,0.0,0.0,0.03282141640904684,0.03282141640904684,0.03282141640904684,0.03282141640904684,0.03282141640904684,0.03282141640904684,0.0,0.0,0.0,69332.328187268
9,2022-02-10,67121.55838644756,70619.70178041192,76925.18865647075,67121.55838644756,67121.55838644756,0.0,0.0,0.0,0.0,0.0,0.0,0.0,0.0,0.0,0.0,0.0,0.0,0.0,0.0,0.0,0.0,0.0,0.0,0.0,0.0,0.0,0.0,0.0,0.0,0.0,0.0,0.0,0.0,0.0,0.0,0.0,0.0,0.0,0.07869257072735868,0.07869257072735868,0.07869257072735868,0.0,0.0,0.0,0.0,0.0,0.0,0.0,0.0,0.0,0.0,0.0,0.0,0.0,0.0,0.0,0.0,0.0,0.0,0.0,0.0,0.0,0.0,0.0,0.0,0.07869257072735868,0.07869257072735868,0.07869257072735868,0.09743957875838843,0.09743957875838843,0.09743957875838843,0.01874700803102975,0.01874700803102975,0.01874700803102975,0.0,0.0,0.0,73661.85476122958
10,2022-02-11,67114.05933300847,62949.18457523204,69368.01175791856,67114.05933300847,67114.05933300847,0.0,0.0,0.0,0.0,0.0,0.0,0.0,0.0,0.0,0.0,0.0,0.0,0.0,0.0,0.0,0.0,0.0,0.0,0.0,0.0,0.0,0.0,0.0,0.0,0.0,0.0,0.0,0.0,0.0,0.0,0.0,0.0,0.0,0.01119827327644761,0.01119827327644761,0.01119827327644761,0.0,0.0,0.0,0.0,0.0,0.0,0.0,0.0,0.0,0.0,0.0,0.0,0.0,0.0,0.0,0.0,0.0,0.0,0.0,0.0,0.0,0.0,0.0,0.0,0.01119827327644761,0.01119827327644761,0.01119827327644761,-0.014033549073430886,-0.014033549073430886,-0.014033549073430886,-0.025231822349878495,-0.025231822349878495,-0.025231822349878495,0.0,0.0,0.0,66172.21088784155
11,2022-02-12,67106.5602030636,61331.708529062846,67829.36102868394,67106.5602030636,67106.5602030636,0.0,0.0,0.0,0.0,0.0,0.0,0.0,0.0,0.0,0.0,0.0,0.0,0.0,0.0,0.0,0.0,0.0,0.0,0.0,0.0,0.0,0.0,0.0,0.0,0.0,0.0,0.0,0.0,0.0,0.0,0.0,0.0,0.0,0.07869257072735868,0.07869257072735868,0.07869257072735868,0.0,0.0,0.0,0.0,0.0,0.0,0.0,0.0,0.0,0.0,0.0,0.0,0.0,0.0,0.0,0.0,0.0,0.0,0.0,0.0,0.0,0.0,0.0,0.0,0.07869257072735868,0.07869257072735868,0.07869257072735868,-0.03628611517305408,-0.03628611517305408,-0.03628611517305408,-0.11497868590041276,-0.11497868590041276,-0.11497868590041276,0.0,0.0,0.0,64671.52383066774
12,2022-02-13,67099.06107311873,63428.13271608627,69577.71591335494,67099.06107311873,67099.06107311873,0.0,0.0,0.0,0.0,0.0,0.0,0.0,0.0,0.0,0.0,0.0,0.0,0.0,0.0,0.0,0.0,0.0,0.0,0.0,0.0,0.0,0.0,0.0,0.0,0.0,0.0,0.0,0.0,0.0,0.0,0.0,0.0,0.0,0.01119827327644761,0.01119827327644761,0.01119827327644761,0.0,0.0,0.0,0.0,0.0,0.0,0.0,0.0,0.0,0.0,0.0,0.0,0.0,0.0,0.0,0.0,0.0,0.0,0.0,0.0,0.0,0.0,0.0,0.0,0.01119827327644761,0.01119827327644761,0.01119827327644761,-0.010076416603941152,-0.010076416603941152,-0.010076416603941152,-0.02127468988038876,-0.02127468988038876,-0.02127468988038876,0.0,0.0,0.0,66422.9429800127
13,2022-02-14,67091.56194317386,66778.28439096174,73078.3293449078,67091.56194317386,67091.56194317386,0.0,0.0,0.0,0.0,0.0,0.0,0.0,0.0,0.0,0.0,0.0,0.0,0.0,0.0,0.0,0.0,0.0,0.0,0.0,0.0,0.0,0.0,0.0,0.0,0.0,0.0,0.0,0.0,0.0,0.0,0.0,0.0,0.0,0.0,0.0,0.0,0.0,0.0,0.0,0.0,0.0,0.0,0.0,0.0,0.0,0.0,0.0,0.0,0.0,0.0,0.0,0.0,0.0,0.0,0.0,0.0,0.0,0.0,0.0,0.0,0.0,0.0,0.0,0.04333165837380241,0.04333165837380241,0.04333165837380241,0.04333165837380241,0.04333165837380241,0.04333165837380241,0.0,0.0,0.0,69998.75058506028
14,2022-02-15,67084.062813229,68316.35841621374,74811.41862814373,67084.062813229,67084.062813229,0.0,0.0,0.0,0.0,0.0,0.0,0.0,0.0,0.0,0.0,0.0,0.0,0.0,0.0,0.0,0.0,0.0,0.0,0.0,0.0,0.0,0.0,0.0,0.0,0.0,0.0,0.0,0.0,0.0,0.0,0.0,0.0,0.0,0.0,0.0,0.0,0.0,0.0,0.0,0.0,0.0,0.0,0.0,0.0,0.0,0.0,0.0,0.0,0.0,0.0,0.0,0.0,0.0,0.0,0.0,0.0,0.0,0.0,0.0,0.0,0.0,0.0,0.0,0.06658511531719198,0.06658511531719198,0.06658511531719198,0.06658511531719198,0.06658511531719198,0.06658511531719198,0.0,0.0,0.0,71550.86287159359
15,2022-02-16,67083.49329332734,76396.33474166456,82759.30375343769,67083.49329332734,67083.49329332734,0.0,0.0,0.0,0.0,0.0,0.0,0.0,0.0,0.0,0.0,0.0,0.0,0.0,0.0,0.0,0.0,0.0,0.0,0.0,0.0,0.0,0.0,0.0,0.0,0.0,0.0,0.0,0.0,0.0,0.0,0.0,0.0,0.0,0.0,0.0,0.0,0.15256118300504745,0.15256118300504745,0.15256118300504745,0.0,0.0,0.0,0.0,0.0,0.0,0.0,0.0,0.0,0.0,0.0,0.0,0.0,0.0,0.0,0.0,0.0,0.0,0.0,0.0,0.0,0.15256118300504745,0.15256118300504745,0.15256118300504745,0.18538259941399426,0.18538259941399426,0.18538259941399426,0.03282141640894682,0.03282141640894682,0.03282141640894682,0.0,0.0,0.0,79519.6056578156
16,2022-02-17,67082.92377342567,67480.76461244386,74035.78350763943,67082.92377342567,67082.92377342567,0.0,0.0,0.0,0.0,0.0,0.0,0.0,0.0,0.0,0.0,0.0,0.0,0.0,0.0,0.0,0.0,0.0,0.0,0.0,0.0,0.0,0.0,0.0,0.0,0.0,0.0,0.0,0.0,0.0,0.0,0.0,0.0,0.0,0.0,0.0,0.0,0.03211288262480859,0.03211288262480859,0.03211288262480859,0.0,0.0,0.0,0.0,0.0,0.0,0.0,0.0,0.0,0.0,0.0,0.0,0.0,0.0,0.0,0.0,0.0,0.0,0.0,0.0,0.0,0.03211288262480859,0.03211288262480859,0.03211288262480859,0.050859890655793064,0.050859890655793064,0.050859890655793064,0.018747008030984474,0.018747008030984474,0.018747008030984474,0.0,0.0,0.0,70494.75394141302
17,2022-02-18,67082.35425352401,67611.00626243469,73918.11696863586,67082.35425352401,67082.35425352401,0.0,0.0,0.0,0.0,0.0,0.0,0.0,0.0,0.0,0.0,0.0,0.0,0.0,0.0,0.0,0.0,0.0,0.0,0.0,0.0,0.0,0.0,0.0,0.0,0.0,0.0,0.0,0.0,0.0,0.0,0.0,0.0,0.0,0.07869257072735868,0.07869257072735868,0.07869257072735868,0.0,0.0,0.0,0.0,0.0,0.0,0.0,0.0,0.0,0.0,0.0,0.0,0.0,0.0,0.0,0.0,0.0,0.0,0.0,0.0,0.0,0.0,0.0,0.0,0.07869257072735868,0.07869257072735868,0.07869257072735868,0.053460748377353456,0.053460748377353456,0.053460748377353456,-0.02523182235000522,-0.02523182235000522,-0.02523182235000522,0.0,0.0,0.0,70668.62711483215
18,2022-02-19,67081.78479134699,61985.09564966228,68489.40198654954,67081.78479134699,67081.78479134699,0.0,0.0,0.0,0.0,0.0,0.0,0.0,0.0,0.0,0.0,0.0,0.0,0.0,0.0,0.0,0.0,0.0,0.0,0.0,0.0,0.0,0.0,0.0,0.0,0.0,0.0,0.0,0.0,0.0,0.0,0.0,0.0,0.0,0.08989084400380629,0.08989084400380629,0.08989084400380629,0.0,0.0,0.0,0.0,0.0,0.0,0.0,0.0,0.0,0.0,0.0,0.0,0.0,0.0,0.0,0.0,0.0,0.0,0.0,0.0,0.0,0.0,0.0,0.0,0.08989084400380629,0.08989084400380629,0.08989084400380629,-0.025087841896618404,-0.025087841896618404,-0.025087841896618404,-0.11497868590042469,-0.11497868590042469,-0.11497868590042469,0.0,0.0,0.0,65398.8475803587
19,2022-02-20,67081.21532916997,63074.09693408826,69523.82422630052,67081.21532916997,67081.21532916997,0.0,0.0,0.0,0.0,0.0,0.0,0.0,0.0,0.0,0.0,0.0,0.0,0.0,0.0,0.0,0.0,0.0,0.0,0.0,0.0,0.0,0.0,0.0,0.0,0.0,0.0,0.0,0.0,0.0,0.0,0.0,0.0,0.0,0.01119827327644761,0.01119827327644761,0.01119827327644761,0.0,0.0,0.0,0.0,0.0,0.0,0.0,0.0,0.0,0.0,0.0,0.0,0.0,0.0,0.0,0.0,0.0,0.0,0.0,0.0,0.0,0.0,0.0,0.0,0.01119827327644761,0.01119827327644761,0.01119827327644761,-0.010076416603865712,-0.010076416603865712,-0.010076416603865712,-0.02127468988031332,-0.02127468988031332,-0.02127468988031332,0.0,0.0,0.0,66405.27705721963
20,2022-02-21,67080.64586699294,76924.16536798021,83671.92754863607,67080.64586699294,67080.64586699294,0.0,0.0,0.0,0.0,0.0,0.0,0.0,0.0,0.0,0.0,0.0,0.0,0.0,0.0,0.0,0.0,0.0,0.0,0.0,0.0,0.0,0.0,0.0,0.0,0.0,0.0,0.0,0.0,0.0,0.0,0.07560806429744174,0.07560806429744174,0.07560806429744174,0.07869257072735868,0.07869257072735868,0.07869257072735868,0.0,0.0,0.0,0.0,0.0,0.0,0.0,0.0,0.0,0.0,0.0,0.0,0.0,0.0,0.0,0.0,0.0,0.0,0.0,0.0,0.0,0.0,0.0,0.0,0.1543006350248004,0.1543006350248004,0.1543006350248004,0.19763229339858623,0.19763229339858623,0.19763229339858623,0.04333165837378584,0.04333165837378584,0.04333165837378584,0.0,0.0,0.0,80337.94775234516
21,2022-02-22,67080.07640481593,77898.39776445918,84187.84082628174,67080.07640481593,67080.07640481593,0.0,0.0,0.0,0.0,0.0,0.0,0.0,0.0,0.0,0.0,0.0,0.0,0.0,0.0,0.0,0.0,0.0,0.0,0.0,0.0,0.0,0.0,0.0,0.0,0.0,0.0,0.0,0.0,0.0,0.0,0.05259978518954307,0.05259978518954307,0.05259978518954307,0.08989084400380629,0.08989084400380629,0.08989084400380629,0.0,0.0,0.0,0.0,0.0,0.0,0.0,0.0,0.0,0.0,0.0,0.0,0.0,0.0,0.0,0.0,0.0,0.0,0.0,0.0,0.0,0.0,0.0,0.0,0.14249062919334937,0.14249062919334937,0.14249062919334937,0.20907574451049316,0.20907574451049316,0.20907574451049316,0.06658511531714378,0.06658511531714378,0.06658511531714378,0.0,0.0,0.0,81104.89332097358
22,2022-02-23,67198.21458931845,66831.37138428295,73086.7900954893,67198.21458931845,67198.21458931845,0.0,0.0,0.0,0.0,0.0,0.0,0.0,0.0,0.0,0.0,0.0,0.0,0.0,0.0,0.0,0.0,0.0,0.0,0.0,0.0,0.0,0.0,0.0,0.0,0.0,0.0,0.0,0.0,0.0,0.0,0.0,0.0,0.0,0.01119827327644761,0.01119827327644761,0.01119827327644761,0.0,0.0,0.0,0.0,0.0,0.0,0.0,0.0,0.0,0.0,0.0,0.0,0.0,0.0,0.0,0.0,0.0,0.0,0.0,0.0,0.0,0.0,0.0,0.0,0.01119827327644761,0.01119827327644761,0.01119827327644761,0.04401968968529443,0.04401968968529443,0.04401968968529443,0.032821416408846824,0.032821416408846824,0.032821416408846824,0.0,0.0,0.0,70156.25914294607
23,2022-02-24,67316.35277382098,70408.14583580455,76876.62772238073,67316.35277382098,67316.35277382098,0.0,0.0,0.0,0.0,0.0,0.0,0.0,0.0,0.0,0.0,0.0,0.0,0.0,0.0,0.0,0.0,0.0,0.0,0.0,0.0,0.0,0.0,0.0,0.0,0.0,0.0,0.0,0.0,0.0,0.0,0.0,0.0,0.0,0.07869257072735868,0.07869257072735868,0.07869257072735868,0.0,0.0,0.0,0.0,0.0,0.0,0.0,0.0,0.0,0.0,0.0,0.0,0.0,0.0,0.0,0.0,0.0,0.0,0.0,0.0,0.0,0.0,0.0,0.0,0.07869257072735868,0.07869257072735868,0.07869257072735868,0.09743957875829787,0.09743957875829787,0.09743957875829787,0.018747008030939198,0.018747008030939198,0.018747008030939198,0.0,0.0,0.0,73875.62983164706
24,2022-02-25,67434.4909583235,63546.51695933261,69610.82719601429,67434.4909583235,67434.4909583235,0.0,0.0,0.0,0.0,0.0,0.0,0.0,0.0,0.0,0.0,0.0,0.0,0.0,0.0,0.0,0.0,0.0,0.0,0.0,0.0,0.0,0.0,0.0,0.0,0.0,0.0,0.0,0.0,0.0,0.0,0.0,0.0,0.0,0.01119827327644761,0.01119827327644761,0.01119827327644761,0.0,0.0,0.0,0.0,0.0,0.0,0.0,0.0,0.0,0.0,0.0,0.0,0.0,0.0,0.0,0.0,0.0,0.0,0.0,0.0,0.0,0.0,0.0,0.0,0.01119827327644761,0.01119827327644761,0.01119827327644761,-0.014033549073604521,-0.014033549073604521,-0.014033549073604521,-0.02523182235005213,-0.02523182235005213,-0.02523182235005213,0.0,0.0,0.0,66488.14572020632
25,2022-02-26,67552.6292827049,61811.94270773237,68096.17166224186,67552.6292827049,67552.6292827049,0.0,0.0,0.0,0.0,0.0,0.0,0.0,0.0,0.0,0.0,0.0,0.0,0.0,0.0,0.0,0.0,0.0,0.0,0.0,0.0,0.0,0.0,0.0,0.0,0.0,0.0,0.0,0.0,0.0,0.0,0.0,0.0,0.0,0.07869257072735868,0.07869257072735868,0.07869257072735868,0.0,0.0,0.0,0.0,0.0,0.0,0.0,0.0,0.0,0.0,0.0,0.0,0.0,0.0,0.0,0.0,0.0,0.0,0.0,0.0,0.0,0.0,0.0,0.0,0.07869257072735868,0.07869257072735868,0.07869257072735868,-0.03628611517305233,-0.03628611517305233,-0.03628611517305233,-0.114978685900411,-0.114978685900411,-0.114978685900411,0.0,0.0,0.0,65101.40679631016
26,2022-02-27,67670.76760708631,68548.2586183598,74935.63421259978,67670.76760708631,67670.76760708631,0.0,0.0,0.0,0.0,0.0,0.0,-0.008319411792832394,-0.008319411792832394,-0.008319411792832394,0.0,0.0,0.0,0.0,0.0,0.0,0.0,0.0,0.0,0.0,0.0,0.0,0.0,0.0,0.0,0.0,0.0,0.0,0.0,0.0,0.0,0.0,0.0,0.0,0.08989084400380629,0.08989084400380629,0.08989084400380629,0.0,0.0,0.0,0.0,0.0,0.0,0.0,0.0,0.0,0.0,0.0,0.0,0.0,0.0,0.0,0.0,0.0,0.0,0.0,0.0,0.0,0.0,0.0,0.0,0.08157143221097389,0.08157143221097389,0.08157143221097389,0.06029674233031491,0.06029674233031491,0.06029674233031491,-0.021274689880658986,-0.021274689880658986,-0.021274689880658986,0.0,0.0,0.0,71751.09444478541
27,2022-02-28,67788.90593146771,76313.29071345039,82613.70813790729,67788.90593146771,67788.90593146771,0.0,0.0,0.0,0.0,0.0,0.0,0.0002134751541786348,0.0002134751541786348,0.0002134751541786348,0.0,0.0,0.0,0.0,0.0,0.0,0.0,0.0,0.0,0.0,0.0,0.0,0.0,0.0,0.0,0.0,0.0,0.0,0.0,0.0,0.0,0.0,0.0,0.0,0.08989084400380629,0.08989084400380629,0.08989084400380629,0.0,0.0,0.0,0.0,0.0,0.0,0.0,0.0,0.0,0.0,0.0,0.0,0.0,0.0,0.0,0.0,0.0,0.0,0.0,0.0,0.0,0.041161540676206386,0.041161540676206386,0.041161540676206386,0.1312658598341913,0.1312658598341913,0.1312658598341913,0.17459751820810424,0.17459751820810424,0.17459751820810424,0.04333165837391294,0.04333165837391294,0.04333165837391294,0.0,0.0,0.0,79624.68066914463
28,2022-03-01,67907.0442558491,75731.70587196191,82225.26493322414,67907.0442558491,67907.0442558491,0.0,0.0,0.0,0.0,0.0,0.0,0.0,0.0,0.0,0.0,0.0,0.0,0.0,0.0,0.0,0.0,0.0,0.0,0.0,0.0,0.0,0.0,0.0,0.0,0.0,0.0,0.0,0.0,0.0,0.0,0.0,0.0,0.0,0.08989084400380629,0.08989084400380629,0.08989084400380629,0.0,0.0,0.0,0.0,0.0,0.0,0.0,0.0,0.0,0.0,0.0,0.0,0.0,0.0,0.0,0.0,0.0,0.0,0.0,0.0,0.0,0.008826141790361374,0.008826141790361374,0.008826141790361374,0.09871698579416766,0.09871698579416766,0.09871698579416766,0.16530210111137064,0.16530210111137064,0.16530210111137064,0.06658511531720297,0.06658511531720297,0.06658511531720297,0.0,0.0,0.0,79132.2213516038
29,2022-03-02,67960.9232137819,67717.94817993339,74067.46966441591,67960.9232137819,67960.9232137819,0.0,0.0,0.0,0.0,0.0,0.0,0.0,0.0,0.0,0.0,0.0,0.0,0.0,0.0,0.0,0.0,0.0,0.0,0.0,0.0,0.0,0.0,0.0,0.0,0.0,0.0,0.0,0.0,0.0,0.0,0.0,0.0,0.0,0.01119827327644761,0.01119827327644761,0.01119827327644761,0.0,0.0,0.0,0.0,0.0,0.0,0.0,0.0,0.0,0.0,0.0,0.0,0.0,0.0,0.0,0.0,0.0,0.0,0.0,0.0,0.0,0.0,0.0,0.0,0.01119827327644761,0.01119827327644761,0.01119827327644761,0.044019689685437666,0.044019689685437666,0.044019689685437666,0.032821416408990056,0.032821416408990056,0.032821416408990056,0.0,0.0,0.0,70952.54196438844
30,2022-03-03,68014.80217171469,94033.79930363706,100255.61656695885,68014.80217171469,68014.80217171469,0.0,0.0,0.0,0.0,0.0,0.0,0.0,0.0,0.0,0.0,0.0,0.0,0.0,0.0,0.0,0.0,0.0,0.0,0.0,0.0,0.0,0.0,0.0,0.0,0.0,0.0,0.0,0.0,0.0,0.0,0.0,0.0,0.0,0.0,0.0,0.0,0.0,0.0,0.0,0.0,0.0,0.0,0.10387218127216973,0.10387218127216973,0.10387218127216973,0.0,0.0,0.0,0.30575313753391264,0.30575313753391264,0.30575313753391264,0.0,0.0,0.0,0.0,0.0,0.0,0.0,0.0,0.0,0.4096253188060824,0.4096253188060824,0.4096253188060824,0.4283723268370855,0.4283723268370855,0.4283723268370855,0.018747008031003116,0.018747008031003116,0.018747008031003116,0.0,0.0,0.0,97150.46123737616
31,2022-03-04,68068.68112964748,69294.15556404575,75445.12923062603,68068.68112964748,68068.68112964748,0.0,0.0,0.0,0.0,0.0,0.0,0.0,0.0,0.0,0.0,0.0,0.0,0.0,0.0,0.0,0.0,0.0,0.0,0.0,0.0,0.0,0.0,0.0,0.0,0.0,0.0,0.0,0.0,0.0,0.0,0.0,0.0,0.0,0.0,0.0,0.0,0.0,0.0,0.0,0.0,0.0,0.0,0.03303570315248056,0.03303570315248056,0.03303570315248056,0.0,0.0,0.0,0.05626137170288841,0.05626137170288841,0.05626137170288841,0.0,0.0,0.0,0.0,0.0,0.0,0.0,0.0,0.0,0.08929707485536897,0.08929707485536897,0.08929707485536897,0.06406525250526993,0.06406525250526993,0.06406525250526993,-0.02523182235009904,-0.02523182235009904,-0.02523182235009904,0.0,0.0,0.0,72429.51837391904
32,2022-03-05,68077.91758523574,63311.23357514044,69665.64112541465,68077.91758523574,68077.91758523574,0.0,0.0,0.0,0.0,0.0,0.0,0.0,0.0,0.0,0.0,0.0,0.0,0.0,0.0,0.0,0.0,0.0,0.0,0.0,0.0,0.0,0.0,0.0,0.0,0.0,0.0,0.0,0.0,0.0,0.0,0.0,0.0,0.0,0.07869257072735868,0.07869257072735868,0.07869257072735868,0.0,0.0,0.0,0.0,0.0,0.0,0.0,0.0,0.0,0.0,0.0,0.0,0.01687380750582958,0.01687380750582958,0.01687380750582958,0.0,0.0,0.0,0.0,0.0,0.0,0.0,0.0,0.0,0.09556637823318825,0.09556637823318825,0.09556637823318825,-0.019412307667234684,-0.019412307667234684,-0.019412307667234684,-0.11497868590042294,-0.11497868590042294,-0.11497868590042294,0.0,0.0,0.0,66756.3681037265
33,2022-03-06,68087.15404082401,69738.50406081528,75731.39269440419,68087.15404082401,68087.15404082401,0.0,0.0,0.0,0.0,0.0,0.0,0.0,0.0,0.0,0.0,0.0,0.0,0.0,0.0,0.0,0.0,0.0,0.0,0.0,0.0,0.0,0.0,0.0,0.0,0.0,0.0,0.0,0.0,0.0,0.0,0.0,0.0,0.0,0.08989084400380629,0.08989084400380629,0.08989084400380629,0.0,0.0,0.0,0.0,0.0,0.0,0.0,0.0,0.0,0.0,0.0,0.0,0.0,0.0,0.0,0.0,0.0,0.0,0.0,0.0,0.0,0.0,0.0,0.0,0.08989084400380629,0.08989084400380629,0.08989084400380629,0.06861615412324483,0.06861615412324483,0.06861615412324483,-0.021274689880561456,-0.021274689880561456,-0.021274689880561456,0.0,0.0,0.0,72759.03269630231
34,2022-03-07,68096.39049641228,68722.33332903335,74764.49125393634,68096.39049641228,68096.39049641228,0.0,0.0,0.0,0.0,0.0,0.0,0.0,0.0,0.0,0.0,0.0,0.0,0.0,0.0,0.0,0.0,0.0,0.0,0.0,0.0,0.0,0.0,0.0,0.0,0.0,0.0,0.0,0.0,0.0,0.0,0.0,0.0,0.0,0.01119827327644761,0.01119827327644761,0.01119827327644761,0.0,0.0,0.0,0.0,0.0,0.0,0.0,0.0,0.0,0.0,0.0,0.0,0.0,0.0,0.0,0.0,0.0,0.0,0.0,0.0,0.0,0.0,0.0,0.0,0.01119827327644761,0.01119827327644761,0.01119827327644761,0.05452993165034397,0.05452993165034397,0.05452993165034397,0.04333165837389636,0.04333165837389636,0.04333165837389636,0.0,0.0,0.0,71809.68201581678
35,2022-03-08,68105.62695200053,74837.1679296119,81200.96827942973,68105.62695200053,68105.62695200053,0.0,0.0,0.0,0.0,0.0,0.0,0.0,0.0,0.0,0.0,0.0,0.0,0.0,0.0,0.0,0.0,0.0,0.0,0.0,0.0,0.0,0.0,0.0,0.0,0.0,0.0,0.0,0.0,0.0,0.0,0.0,0.0,0.0,0.07869257072735868,0.07869257072735868,0.07869257072735868,0.0,0.0,0.0,0.0,0.0,0.0,0.0,0.0,0.0,0.0,0.0,0.0,0.0,0.0,0.0,0.0,0.0,0.0,0.0,0.0,0.0,0.0,0.0,0.0,0.07869257072735868,0.07869257072735868,0.07869257072735868,0.14527768604451347,0.14527768604451347,0.14527768604451347,0.06658511531715479,0.06658511531715479,0.06658511531715479,0.0,0.0,0.0,77999.85484219802
36,2022-03-09,68114.86340672779,73338.53786333957,79588.96306605298,68114.86340672779,68114.86340672779,0.0,0.0,0.0,0.0,0.0,0.0,0.0,0.0,0.0,0.0,0.0,0.0,0.0,0.0,0.0,0.0,0.0,0.0,0.0,0.0,0.0,0.0,0.0,0.0,0.0,0.0,0.0,0.0,0.0,0.0,0.0,0.0,0.0,0.08989084400380629,0.08989084400380629,0.08989084400380629,0.0,0.0,0.0,0.0,0.0,0.0,0.0,0.0,0.0,0.0,0.0,0.0,0.0,0.0,0.0,0.0,0.0,0.0,0.0,0.0,0.0,0.0,0.0,0.0,0.08989084400380629,0.08989084400380629,0.08989084400380629,0.12271226041272977,0.12271226041272977,0.12271226041272977,0.03282141640892348,0.03282141640892348,0.03282141640892348,0.0,0.0,0.0,76473.39226307168
37,2022-03-10,68124.09986145503,76780.47660085629,82953.99205653908,68124.09986145503,68124.09986145503,0.0,0.0,0.0,0.0,0.0,0.0,-0.008319411792832394,-0.008319411792832394,-0.008319411792832394,0.0,0.0,0.0,0.0,0.0,0.0,0.0,0.0,0.0,0.0,0.0,0.0,0.0,0.0,0.0,0.0,0.0,0.0,0.0,0.0,0.0,0.0,0.0,0.0,0.01119827327644761,0.01119827327644761,0.01119827327644761,0.15256118300504745,0.15256118300504745,0.15256118300504745,0.0,0.0,0.0,0.0,0.0,0.0,0.0,0.0,0.0,0.0,0.0,0.0,0.0,0.0,0.0,0.0,0.0,0.0,0.0,0.0,0.0,0.15544004448866267,0.15544004448866267,0.15544004448866267,0.1741870525197323,0.1741870525197323,0.1741870525197323,0.018747008031069635,0.018747008031069635,0.018747008031069635,0.0,0.0,0.0,79990.43602188179
38,2022-03-11,68133.33631618229,65322.508292629194,71876.00357082018,68133.33631618229,68133.33631618229,0.0,0.0,0.0,0.0,0.0,0.0,0.0002134751541786348,0.0002134751541786348,0.0002134751541786348,0.0,0.0,0.0,0.0,0.0,0.0,0.0,0.0,0.0,0.0,0.0,0.0,0.0,0.0,0.0,0.0,0.0,0.0,0.0,0.0,0.0,0.0,0.0,0.0,0.0,0.0,0.0,0.03211288262480859,0.03211288262480859,0.03211288262480859,0.0,0.0,0.0,0.0,0.0,0.0,0.0,0.0,0.0,0.0,0.0,0.0,0.0,0.0,0.0,0.0,0.0,0.0,0.0,0.0,0.0,0.03232635777898722,0.03232635777898722,0.03232635777898722,0.0070945354288412775,0.0070945354288412775,0.0070945354288412775,-0.025231822350145948,-0.025231822350145948,-0.025231822350145948,0.0,0.0,0.0,68616.7106845626
39,2022-03-12,68142.5727603439,62522.84844455122,68798.14761027857,68142.5727603439,68142.5727603439,0.0,0.0,0.0,0.0,0.0,0.0,0.0,0.0,0.0,0.0,0.0,0.0,0.0,0.0,0.0,0.0,0.0,0.0,0.0,0.0,0.0,0.0,0.0,0.0,0.0,0.0,0.0,0.0,0.0,0.0,0.0,0.0,0.0,0.07869257072735868,0.07869257072735868,0.07869257072735868,0.0,0.0,0.0,0.0,0.0,0.0,0.0,0.0,0.0,0.0,0.0,0.0,0.0,0.0,0.0,0.0,0.0,0.0,0.0,0.0,0.0,0.0,0.0,0.0,0.07869257072735868,0.07869257072735868,0.07869257072735868,-0.0362861151730442,-0.0362861151730442,-0.0362861151730442,-0.11497868590040287,-0.11497868590040287,-0.11497868590040287,0.0,0.0,0.0,65669.94351697451
40,2022-03-13,68151.8092045055,69560.58351225052,75733.60230737115,68151.8092045055,68151.8092045055,0.0,0.0,0.0,0.0,0.0,0.0,0.0,0.0,0.0,0.0,0.0,0.0,0.0,0.0,0.0,0.0,0.0,0.0,0.0,0.0,0.0,0.0,0.0,0.0,0.0,0.0,0.0,0.0,0.0,0.0,0.0,0.0,0.0,0.08989084400380629,0.08989084400380629,0.08989084400380629,0.0,0.0,0.0,0.0,0.0,0.0,0.0,0.0,0.0,0.0,0.0,0.0,0.0,0.0,0.0,0.0,0.0,0.0,0.0,0.0,0.0,0.0,0.0,0.0,0.08989084400380629,0.08989084400380629,0.08989084400380629,0.06861615412329819,0.06861615412329819,0.06861615412329819,-0.021274689880508093,-0.021274689880508093,-0.021274689880508093,0.0,0.0,0.0,72828.12424866346
41,2022-03-14,68161.0456486671,74107.26259347137,80345.06854481602,68161.0456486671,68161.0456486671,0.0,0.0,0.0,0.0,0.0,0.0,0.0,0.0,0.0,0.0,0.0,0.0,0.0,0.0,0.0,0.0,0.0,0.0,0.0,0.0,0.0,0.0,0.0,0.0,0.0,0.0,0.0,0.0,0.0,0.0,0.0,0.0,0.0,0.08989084400380629,0.08989084400380629,0.08989084400380629,0.0,0.0,0.0,0.0,0.0,0.0,0.0,0.0,0.0,0.0,0.0,0.0,0.0,0.0,0.0,0.0,0.0,0.0,0.0,0.0,0.0,0.0,0.0,0.0,0.08989084400380629,0.08989084400380629,0.08989084400380629,0.13322250237754363,0.13322250237754363,0.13322250237754363,0.04333165837373733,0.04333165837373733,0.04333165837373733,0.0,0.0,0.0,77241.6307146525
42,2022-03-15,68170.2820928287,70444.72702731618,76796.55106700282,68170.2820928287,68170.2820928287,0.0,0.0,0.0,0.0,0.0,0.0,0.0,0.0,0.0,0.0,0.0,0.0,0.0,0.0,0.0,0.0,0.0,0.0,0.0,0.0,0.0,0.0,0.0,0.0,0.0,0.0,0.0,0.0,0.0,0.0,0.0,0.0,0.0,0.01119827327644761,0.01119827327644761,0.01119827327644761,0.0,0.0,0.0,0.0,0.0,0.0,0.0,0.0,0.0,0.0,0.0,0.0,0.0,0.0,0.0,0.0,0.0,0.0,0.0,0.0,0.0,0.0,0.0,0.0,0.01119827327644761,0.01119827327644761,0.01119827327644761,0.07778338859355421,0.07778338859355421,0.07778338859355421,0.0665851153171066,0.0665851153171066,0.0665851153171066,0.0,0.0,0.0,73472.7976353874
43,2022-03-16,68179.518526131,67281.2272804146,73689.8335743282,68179.518526131,68179.518526131,0.0,0.0,0.0,0.0,0.0,0.0,0.0,0.0,0.0,0.0,0.0,0.0,0.0,0.0,0.0,0.0,0.0,0.0,0.0,0.0,0.0,0.0,0.0,0.0,0.0,0.0,0.0,0.0,0.0,0.0,0.0,0.0,0.0,0.0,0.0,0.0,0.0,0.0,0.0,0.0,0.0,0.0,0.0,0.0,0.0,0.0,0.0,0.0,0.0,0.0,0.0,0.0,0.0,0.0,0.0,0.0,0.0,0.0,0.0,0.0,0.0,0.0,0.0,0.032821416408945085,0.032821416408945085,0.032821416408945085,0.032821416408945085,0.032821416408945085,0.032821416408945085,0.0,0.0,0.0,70417.26689423852
44,2022-03-17,68188.75495943331,73813.88193042591,80019.11629397396,68188.75495943331,68188.75495943331,0.0,0.0,0.0,0.0,0.0,0.0,0.0,0.0,0.0,0.0,0.0,0.0,0.0,0.0,0.0,0.0,0.0,0.0,0.0,0.0,0.0,0.0,0.0,0.0,0.0,0.0,0.0,0.0,0.0,0.0,0.0,0.0,0.0,0.0,0.0,0.0,0.0,0.0,0.0,0.10992520987066841,0.10992520987066841,0.10992520987066841,0.0,0.0,0.0,0.0,0.0,0.0,0.0,0.0,0.0,0.0,0.0,0.0,0.0,0.0,0.0,0.0,0.0,0.0,0.10992520987066841,0.10992520987066841,0.10992520987066841,0.12867221790158098,0.12867221790158098,0.12867221790158098,0.018747008030912567,0.018747008030912567,0.018747008030912567,0.0,0.0,0.0,76962.75329601103
45,2022-03-18,68197.99139273561,61137.14870471539,67247.07870326238,68197.99139273561,68197.99139273561,0.0,0.0,0.0,0.0,0.0,0.0,0.0,0.0,0.0,0.0,0.0,0.0,0.0,0.0,0.0,0.0,0.0,0.0,0.0,0.0,0.0,0.0,0.0,0.0,0.0,0.0,0.0,0.0,0.0,0.0,0.0,0.0,0.0,0.0,0.0,0.0,0.0,0.0,0.0,-0.030831638464537185,-0.030831638464537185,-0.030831638464537185,0.0,0.0,0.0,0.0,0.0,0.0,0.0,0.0,0.0,0.0,0.0,0.0,0.0,0.0,0.0,0.0,0.0,0.0,-0.030831638464537185,-0.030831638464537185,-0.030831638464537185,-0.056063460814809854,-0.056063460814809854,-0.056063460814809854,-0.025231822350272673,-0.025231822350272673,-0.025231822350272673,0.0,0.0,0.0,64374.57597464024
46,2022-03-19,68207.22772661361,62409.74871695335,69102.14913225349,68207.22772661361,68207.22772661361,0.0,0.0,0.0,0.0,0.0,0.0,0.0,0.0,0.0,0.0,0.0,0.0,0.0,0.0,0.0,0.0,0.0,0.0,0.0,0.0,0.0,0.0,0.0,0.0,0.0,0.0,0.0,0.0,0.0,0.0,0.0,0.0,0.0,0.07869257072735868,0.07869257072735868,0.07869257072735868,0.0,0.0,0.0,0.0,0.0,0.0,0.0,0.0,0.0,0.0,0.0,0.0,0.0,0.0,0.0,0.0,0.0,0.0,0.0,0.0,0.0,0.0,0.0,0.0,0.07869257072735868,0.07869257072735868,0.07869257072735868,-0.03628611517308819,-0.03628611517308819,-0.03628611517308819,-0.11497868590044687,-0.11497868590044687,-0.11497868590044687,0.0,0.0,0.0,65732.25240568865
47,2022-03-20,68216.4640604916,69677.5981723836,76340.65163110293,68216.4640604916,68216.4640604916,0.0,0.0,0.0,0.0,0.0,0.0,0.0,0.0,0.0,0.0,0.0,0.0,0.0,0.0,0.0,0.0,0.0,0.0,0.0,0.0,0.0,0.0,0.0,0.0,0.0,0.0,0.0,0.0,0.0,0.0,0.0,0.0,0.0,0.08989084400380629,0.08989084400380629,0.08989084400380629,0.0,0.0,0.0,0.0,0.0,0.0,0.0,0.0,0.0,0.0,0.0,0.0,0.0,0.0,0.0,0.0,0.0,0.0,0.0,0.0,0.0,0.0,0.0,0.0,0.08989084400380629,0.08989084400380629,0.08989084400380629,0.06861615412339572,0.06861615412339572,0.06861615412339572,-0.021274689880410563,-0.021274689880410563,-0.021274689880410563,0.0,0.0,0.0,72897.2154722194
48,2022-03-21,68225.70039436962,76941.5871477786,83386.08526668078,68225.70039436962,68225.70039436962,0.0,0.0,0.0,0.0,0.0,0.0,0.0,0.0,0.0,0.0,0.0,0.0,0.0,0.0,0.0,0.0,0.0,0.0,0.0,0.0,0.0,0.0,0.0,0.0,0.0,0.0,0.0,0.0,0.0,0.0,0.0,0.0,0.0,0.08989084400380629,0.08989084400380629,0.08989084400380629,0.0,0.0,0.0,0.0,0.0,0.0,0.0,0.0,0.0,0.0,0.0,0.0,0.0,0.0,0.0,0.0,0.0,0.0,0.0,0.0,0.0,0.041161540676206386,0.041161540676206386,0.041161540676206386,0.13105238468001268,0.13105238468001268,0.13105238468001268,0.17438404305380525,0.17438404305380525,0.17438404305380525,0.043331658373792596,0.043331658373792596,0.043331658373792596,0.0,0.0,0.0,80123.17386931738
49,2022-03-22,68234.93672824762,76232.24520630704,82539.6046132479,68234.93672824762,68234.93672824762,0.0,0.0,0.0,0.0,0.0,0.0,0.0,0.0,0.0,0.0,0.0,0.0,0.0,0.0,0.0,0.0,0.0,0.0,0.0,0.0,0.0,0.0,0.0,0.0,0.0,0.0,0.0,0.0,0.0,0.0,0.0,0.0,0.0,0.08989084400380629,0.08989084400380629,0.08989084400380629,0.0,0.0,0.0,0.0,0.0,0.0,0.0,0.0,0.0,0.0,0.0,0.0,0.0,0.0,0.0,0.0,0.0,0.0,0.0,0.0,0.0,0.008826141790361374,0.008826141790361374,0.008826141790361374,0.09871698579416766,0.09871698579416766,0.09871698579416766,0.1653021011112261,0.1653021011112261,0.1653021011112261,0.06658511531705842,0.06658511531705842,0.06658511531705842,0.0,0.0,0.0,79514.31513861852
50,2022-03-23,68204.85895962016,68141.02732566446,74228.19577068293,68204.85895962016,68204.85895962016,0.0,0.0,0.0,0.0,0.0,0.0,0.0,0.0,0.0,0.0,0.0,0.0,0.0,0.0,0.0,0.0,0.0,0.0,0.0,0.0,0.0,0.0,0.0,0.0,0.0,0.0,0.0,0.0,0.0,0.0,0.0,0.0,0.0,0.01119827327644761,0.01119827327644761,0.01119827327644761,0.0,0.0,0.0,0.0,0.0,0.0,0.0,0.0,0.0,0.0,0.0,0.0,0.0,0.0,0.0,0.0,0.0,0.0,0.0,0.0,0.0,0.0,0.0,0.0,0.01119827327644761,0.01119827327644761,0.01119827327644761,0.04401968968529269,0.04401968968529269,0.04401968968529269,0.03282141640884508,0.03282141640884508,0.03282141640884508,0.0,0.0,0.0,71207.2156860518
51,2022-03-24,68174.78119099273,81516.61221235723,87655.00049332718,68174.78119099273,68174.78119099273,0.0,0.0,0.0,0.0,0.0,0.0,0.0,0.0,0.0,0.0,0.0,0.0,0.0,0.0,0.0,0.0,0.0,0.0,0.0,0.0,0.0,0.06911847159123527,0.06911847159123527,0.06911847159123527,0.0,0.0,0.0,0.0,0.0,0.0,0.0,0.0,0.0,0.0,0.0,0.0,0.15256118300504745,0.15256118300504745,0.15256118300504745,0.0,0.0,0.0,0.0,0.0,0.0,0.0,0.0,0.0,0.0,0.0,0.0,0.0,0.0,0.0,0.0,0.0,0.0,0.0,0.0,0.0,0.22167965459628272,0.22167965459628272,0.22167965459628272,0.2404266626272618,0.2404266626272618,0.2404266626272618,0.018747008030979083,0.018747008030979083,0.018747008030979083,0.0,0.0,0.0,84565.81630808693
52,2022-03-25,68144.70342236529,65476.04070047017,71909.67183283034,68144.70342236529,68144.70342236529,0.0,0.0,0.0,0.0,0.0,0.0,0.0,0.0,0.0,0.0,0.0,0.0,0.0,0.0,0.0,0.0,0.0,0.0,0.0,0.0,0.0,0.0027447681155777716,0.0027447681155777716,0.0027447681155777716,0.0,0.0,0.0,0.0,0.0,0.0,0.0,0.0,0.0,0.0,0.0,0.0,0.03211288262480859,0.03211288262480859,0.03211288262480859,0.0,0.0,0.0,0.0,0.0,0.0,0.0,0.0,0.0,0.0,0.0,0.0,0.0,0.0,0.0,0.0,0.0,0.0,0.0,0.0,0.0,0.03485765074038636,0.03485765074038636,0.03485765074038636,0.009625828390425192,0.009625828390425192,0.009625828390425192,-0.02523182234996117,-0.02523182234996117,-0.02523182234996117,0.0,0.0,0.0,68800.65264322539
53,2022-03-26,68114.62434769668,62403.28841102454,68851.91929109025,68114.62434769668,68114.62434769668,0.0,0.0,0.0,0.0,0.0,0.0,0.0,0.0,0.0,0.0,0.0,0.0,0.0,0.0,0.0,0.0,0.0,0.0,0.0,0.0,0.0,0.0,0.0,0.0,0.0,0.0,0.0,0.0,0.0,0.0,0.0,0.0,0.0,0.07869257072735868,0.07869257072735868,0.07869257072735868,0.0,0.0,0.0,0.0,0.0,0.0,0.0,0.0,0.0,0.0,0.0,0.0,0.0,0.0,0.0,0.0,0.0,0.0,0.0,0.0,0.0,0.0,0.0,0.0,0.07869257072735868,0.07869257072735868,0.07869257072735868,-0.03628611517304242,-0.03628611517304242,-0.03628611517304242,-0.1149786859004011,-0.1149786859004011,-0.1149786859004011,0.0,0.0,0.0,65643.00924364763
54,2022-03-27,68084.54527302805,64174.908022498385,70535.99849639599,68084.54527302805,68084.54527302805,0.0,0.0,0.0,0.0,0.0,0.0,0.0,0.0,0.0,0.0,0.0,0.0,0.0,0.0,0.0,0.0,0.0,0.0,0.0,0.0,0.0,0.0,0.0,0.0,0.0,0.0,0.0,0.0,0.0,0.0,0.0,0.0,0.0,0.01119827327644761,0.01119827327644761,0.01119827327644761,0.0,0.0,0.0,0.0,0.0,0.0,0.0,0.0,0.0,0.0,0.0,0.0,0.0,0.0,0.0,0.0,0.0,0.0,0.0,0.0,0.0,0.0,0.0,0.0,0.01119827327644761,0.01119827327644761,0.01119827327644761,-0.01007641660388751,-0.01007641660388751,-0.01007641660388751,-0.02127468988033512,-0.02127468988033512,-0.02127468988033512,0.0,0.0,0.0,67398.49703057078
55,2022-03-28,68054.46619835944,78245.83428064549,84461.5470030728,68054.46619835944,68054.46619835944,0.0,0.0,0.0,0.0,0.0,0.0,0.0,0.0,0.0,0.0,0.0,0.0,0.0,0.0,0.0,0.0,0.0,0.0,0.0,0.0,0.0,0.0,0.0,0.0,0.0,0.0,0.0,0.0,0.0,0.0,0.07560806429744174,0.07560806429744174,0.07560806429744174,0.07869257072735868,0.07869257072735868,0.07869257072735868,0.0,0.0,0.0,0.0,0.0,0.0,0.0,0.0,0.0,0.0,0.0,0.0,0.0,0.0,0.0,0.0,0.0,0.0,0.0,0.0,0.0,0.0,0.0,0.0,0.1543006350248004,0.1543006350248004,0.1543006350248004,0.1976322933986483,0.1976322933986483,0.1976322933986483,0.04333165837384786,0.04333165837384786,0.04333165837384786,0.0,0.0,0.0,81504.22642916201
56,2022-03-29,68024.38712369082,78486.09452306636,84762.92481216657,68024.38712369082,68024.38712369082,0.0,0.0,0.0,0.0,0.0,0.0,-0.008319411792832394,-0.008319411792832394,-0.008319411792832394,0.0,0.0,0.0,0.0,0.0,0.0,0.0,0.0,0.0,0.0,0.0,0.0,0.0,0.0,0.0,0.0,0.0,0.0,0.0,0.0,0.0,0.05259978518954307,0.05259978518954307,0.05259978518954307,0.08989084400380629,0.08989084400380629,0.08989084400380629,0.0,0.0,0.0,0.0,0.0,0.0,0.0,0.0,0.0,0.0,0.0,0.0,0.0,0.0,0.0,0.0,0.0,0.0,0.0,0.0,0.0,0.0,0.0,0.0,0.13417121740051696,0.13417121740051696,0.13417121740051696,0.20075633271763454,0.20075633271763454,0.20075633271763454,0.0665851153171176,0.0665851153171176,0.0665851153171176,0.0,0.0,0.0,81680.71361800766
57,2022-03-30,67197.35935694305,66938.43038225248,73327.99797438493,67197.35935694305,67197.35935694305,0.0,0.0,0.0,0.0,0.0,0.0,0.0002134751541786348,0.0002134751541786348,0.0002134751541786348,0.0,0.0,0.0,0.0,0.0,0.0,0.0,0.0,0.0,0.0,0.0,0.0,0.0,0.0,0.0,0.0,0.0,0.0,0.0,0.0,0.0,0.0,0.0,0.0,0.01119827327644761,0.01119827327644761,0.01119827327644761,0.0,0.0,0.0,0.0,0.0,0.0,0.0,0.0,0.0,0.0,0.0,0.0,0.0,0.0,0.0,0.0,0.0,0.0,0.0,0.0,0.0,0.0,0.0,0.0,0.011411748430626244,0.011411748430626244,0.011411748430626244,0.04423316483964799,0.04423316483964799,0.04423316483964799,0.032821416409021746,0.032821416409021746,0.032821416409021746,0.0,0.0,0.0,70169.71123016777
58,2022-03-31,66370.33159019527,74306.73106521627,80306.71535944576,66370.33159019527,66370.33159019527,0.0,0.0,0.0,0.0,0.0,0.0,0.0,0.0,0.0,0.0,0.0,0.0,0.0,0.0,0.0,0.0,0.0,0.0,0.0,0.0,0.0,0.06911847159123527,0.06911847159123527,0.06911847159123527,0.0,0.0,0.0,0.0,0.0,0.0,0.0,0.0,0.0,0.07869257072735868,0.07869257072735868,0.07869257072735868,0.0,0.0,0.0,0.0,0.0,0.0,0.0,0.0,0.0,0.0,0.0,0.0,0.0,0.0,0.0,0.0,0.0,0.0,0.0,0.0,0.0,0.0,0.0,0.0,0.14781104231859393,0.14781104231859393,0.14781104231859393,0.16655805034963955,0.16655805034963955,0.16655805034963955,0.018747008031045606,0.018747008031045606,0.018747008031045606,0.0,0.0,0.0,77424.84462091728
59,2022-04-01,65543.30382344747,66730.71599890635,73036.58842470897,65543.30382344747,65543.30382344747,0.0,0.0,0.0,0.0,0.0,0.0,0.0,0.0,0.0,0.0,0.0,0.0,0.0,0.0,0.0,0.0,0.0,0.0,0.0,0.0,0.0,0.0027447681155777716,0.0027447681155777716,0.0027447681155777716,0.0,0.0,0.0,0.0,0.0,0.0,0.0,0.0,0.0,0.08989084400380629,0.08989084400380629,0.08989084400380629,0.0,0.0,0.0,0.0,0.0,0.0,0.0,0.0,0.0,0.0,0.0,0.0,0.0,0.0,0.0,0.0,0.0,0.0,0.0,0.0,0.0,0.0,0.0,0.0,0.09263561211938406,0.09263561211938406,0.09263561211938406,0.06740378976937599,0.06740378976937599,0.06740378976937599,-0.025231822350008076,-0.025231822350008076,-0.025231822350008076,0.0,0.0,0.0,69961.17089515345
60,2022-04-02,64716.27609339771,54675.727935505136,61238.191835725134,64716.27609339771,64716.27609339771,0.0,0.0,0.0,0.0,0.0,0.0,0.0,0.0,0.0,0.0,0.0,0.0,0.0,0.0,0.0,0.0,0.0,0.0,0.0,0.0,0.0,0.0,0.0,0.0,0.0,0.0,0.0,0.0,0.0,0.0,0.0,0.0,0.0,0.01119827327644761,0.01119827327644761,0.01119827327644761,0.0,0.0,0.0,0.0,0.0,0.0,0.0,0.0,0.0,0.0,0.0,0.0,0.0,0.0,0.0,0.0,0.0,0.0,0.0,0.0,0.0,0.0,0.0,0.0,0.01119827327644761,0.01119827327644761,0.01119827327644761,-0.10378041262396545,-0.10378041262396545,-0.10378041262396545,-0.11497868590041306,-0.11497868590041306,-0.11497868590041306,0.0,0.0,0.0,57999.99425693843
61,2022-04-03,63889.24836334796,59395.68270698321,65592.49290465565,63889.24836334796,63889.24836334796,0.0,0.0,0.0,0.0,0.0,0.0,0.0,0.0,0.0,0.0,0.0,0.0,0.0,0.0,0.0,0.0,0.0,0.0,0.0,0.0,0.0,0.0,0.0,0.0,0.0,0.0,0.0,0.0,0.0,0.0,0.0,0.0,0.0,0.0,0.0,0.0,0.0,0.0,0.0,0.0,0.0,0.0,0.0,0.0,0.0,0.0,0.0,0.0,0.0,0.0,0.0,0.0,0.0,0.0,0.0,0.0,0.0,0.0,0.0,0.0,0.0,0.0,0.0,-0.02127468988025967,-0.02127468988025967,-0.02127468988025967,-0.02127468988025967,-0.02127468988025967,-0.02127468988025967,0.0,0.0,0.0,62530.024417734836
62,2022-04-04,63062.220633298195,94833.2739490461,101064.2053704517,63062.220633298195,63062.220633298195,0.0,0.0,0.0,0.0,0.0,0.0,0.0,0.0,0.0,0.0,0.0,0.0,0.0,0.0,0.0,0.0,0.0,0.0,0.0,0.0,0.0,0.0,0.0,0.0,0.0,0.0,0.0,0.0,0.0,0.0,0.0,0.0,0.0,0.0,0.0,0.0,0.0,0.0,0.0,0.0,0.0,0.0,0.0,0.0,0.0,0.20188095626197647,0.20188095626197647,0.20188095626197647,0.30575313753391264,0.30575313753391264,0.30575313753391264,0.0,0.0,0.0,0.0,0.0,0.0,0.0,0.0,0.0,0.5076340937958891,0.5076340937958891,0.5076340937958891,0.5509657521697204,0.5509657521697204,0.5509657521697204,0.04333165837383128,0.04333165837383128,0.04333165837383128,0.0,0.0,0.0,97807.3444580162
63,2022-04-05,62235.19290324845,68339.22141240822,74328.15605120372,62235.19290324845,62235.19290324845,0.0,0.0,0.0,0.0,0.0,0.0,0.0,0.0,0.0,0.0,0.0,0.0,0.0,0.0,0.0,0.0,0.0,0.0,0.0,0.0,0.0,0.0,0.0,0.0,0.0,0.0,0.0,0.0,0.0,0.0,0.0,0.0,0.0,0.0,0.0,0.0,0.0,0.0,0.0,0.0,0.0,0.0,0.0,0.0,0.0,0.0232256685503876,0.0232256685503876,0.0232256685503876,0.05626137170288841,0.05626137170288841,0.05626137170288841,0.0,0.0,0.0,0.0,0.0,0.0,0.0,0.0,0.0,0.07948704025327602,0.07948704025327602,0.07948704025327602,0.14607215557036882,0.14607215557036882,0.14607215557036882,0.06658511531709281,0.06658511531709281,0.06658511531709281,0.0,0.0,0.0,71326.02168296366
64,2022-04-06,61611.370486637774,61385.10545827898,67728.78352113279,61611.370486637774,61611.370486637774,0.0,0.0,0.0,0.0,0.0,0.0,0.0,0.0,0.0,0.0,0.0,0.0,0.0,0.0,0.0,0.0,0.0,0.0,0.0,0.0,0.0,0.0,0.0,0.0,0.0,0.0,0.0,0.0,0.0,0.0,0.0,0.0,0.0,0.0,0.0,0.0,0.0,0.0,0.0,0.0,0.0,0.0,0.0,0.0,0.0,0.0,0.0,0.0,0.01687380750582958,0.01687380750582958,0.01687380750582958,0.0,0.0,0.0,0.0,0.0,0.0,0.0,0.0,0.0,0.01687380750582958,0.01687380750582958,0.01687380750582958,0.04969522391475133,0.04969522391475133,0.04969522391475133,0.03282141640892174,0.03282141640892174,0.03282141640892174,0.0,0.0,0.0,64673.16133866593
65,2022-04-07,60987.54807002711,67706.23667488692,74259.33933116526,60987.54807002711,60987.54807002711,0.0,0.0,0.0,0.0,0.0,0.0,0.0,0.0,0.0,0.0,0.0,0.0,0.0,0.0,0.0,0.0,0.0,0.0,0.0,0.0,0.0,0.06911847159123527,0.06911847159123527,0.06911847159123527,0.0,0.0,0.0,0.0,0.0,0.0,0.0,0.0,0.0,0.07869257072735868,0.07869257072735868,0.07869257072735868,0.0,0.0,0.0,0.0,0.0,0.0,0.0,0.0,0.0,0.0,0.0,0.0,0.0,0.0,0.0,0.0,0.0,0.0,0.0,0.0,0.0,0.0,0.0,0.0,0.14781104231859393,0.14781104231859393,0.14781104231859393,0.16655805034948248,0.16655805034948248,0.16655805034948248,0.018747008030888534,0.018747008030888534,0.018747008030888534,0.0,0.0,0.0,71145.51517216617
66,2022-04-08,60363.725653416426,56281.89914903965,62821.06280942199,60363.725653416426,60363.725653416426,0.0,0.0,0.0,0.0,0.0,0.0,0.0,0.0,0.0,0.0,0.0,0.0,0.0,0.0,0.0,0.0,0.0,0.0,0.0,0.0,0.0,0.0027447681155777716,0.0027447681155777716,0.0027447681155777716,0.0,0.0,0.0,0.0,0.0,0.0,0.0,0.0,0.0,0.01119827327644761,0.01119827327644761,0.01119827327644761,0.0,0.0,0.0,0.0,0.0,0.0,0.0,0.0,0.0,0.0,0.0,0.0,0.0,0.0,0.0,0.0,0.0,0.0,0.0,0.0,0.0,0.0,0.0,0.0,0.01394304139202538,0.01394304139202538,0.01394304139202538,-0.011288780958029605,-0.011288780958029605,-0.011288780958029605,-0.025231822350054986,-0.025231822350054986,-0.025231822350054986,0.0,0.0,0.0,59682.29277670441
67,2022-04-09,59739.90311303558,49922.65367128064,56256.99355236951,59739.90311303558,59739.90311303558,0.0,0.0,0.0,0.0,0.0,0.0,0.0,0.0,0.0,0.0,0.0,0.0,0.0,0.0,0.0,0.0,0.0,0.0,0.0,0.0,0.0,0.0,0.0,0.0,0.0,0.0,0.0,0.0,0.0,0.0,0.0,0.0,0.0,0.0,0.0,0.0,0.0,0.0,0.0,0.0,0.0,0.0,0.0,0.0,0.0,0.0,0.0,0.0,0.0,0.0,0.0,0.0,0.0,0.0,0.0,0.0,0.0,0.0,0.0,0.0,0.0,0.0,0.0,-0.11497868590042501,-0.11497868590042501,-0.11497868590042501,-0.11497868590042501,-0.11497868590042501,-0.11497868590042501,0.0,0.0,0.0,52871.087557280036
68,2022-04-10,59116.08057265473,58899.6564036069,65374.99896712808,59116.08057265473,59116.08057265473,0.0,0.0,0.0,0.0,0.0,0.0,-0.008319411792832394,-0.008319411792832394,-0.008319411792832394,0.0,0.0,0.0,0.0,0.0,0.0,0.0,0.0,0.0,0.0,0.0,0.0,0.0,0.0,0.0,0.0,0.0,0.0,0.0,0.0,0.0,0.0,0.0,0.0,0.07869257072735868,0.07869257072735868,0.07869257072735868,0.0,0.0,0.0,0.0,0.0,0.0,0.0,0.0,0.0,0.0,0.0,0.0,0.0,0.0,0.0,0.0,0.0,0.0,0.0,0.0,0.0,0.0,0.0,0.0,0.07037315893452628,0.07037315893452628,0.07037315893452628,0.04909846905389885,0.04909846905389885,0.04909846905389885,-0.02127468988062743,-0.02127468988062743,-0.02127468988062743,0.0,0.0,0.0,62018.589625239016
69,2022-04-11,58492.258032273894,63232.34077064852,69422.97716940203,58492.258032273894,58492.258032273894,0.0,0.0,0.0,0.0,0.0,0.0,0.0002134751541786348,0.0002134751541786348,0.0002134751541786348,0.0,0.0,0.0,0.0,0.0,0.0,0.0,0.0,0.0,0.0,0.0,0.0,0.0,0.0,0.0,0.0,0.0,0.0,0.0,0.0,0.0,0.0,0.0,0.0,0.08989084400380629,0.08989084400380629,0.08989084400380629,0.0,0.0,0.0,0.0,0.0,0.0,0.0,0.0,0.0,0.0,0.0,0.0,0.0,0.0,0.0,0.0,0.0,0.0,0.0,0.0,0.0,0.0,0.0,0.0,0.09010431915798492,0.09010431915798492,0.09010431915798492,0.13343597753179962,0.13343597753179962,0.13343597753179962,0.0433316583738147,0.0433316583738147,0.0433316583738147,0.0,0.0,0.0,66297.22966085262
70,2022-04-12,57868.43549189305,59502.44574687913,65558.85104278738,57868.43549189305,57868.43549189305,0.0,0.0,0.0,0.0,0.0,0.0,0.0,0.0,0.0,0.0,0.0,0.0,0.0,0.0,0.0,0.0,0.0,0.0,0.0,0.0,0.0,0.0,0.0,0.0,0.0,0.0,0.0,0.0,0.0,0.0,0.0,0.0,0.0,0.01119827327644761,0.01119827327644761,0.01119827327644761,0.0,0.0,0.0,0.0,0.0,0.0,0.0,0.0,0.0,0.0,0.0,0.0,0.0,0.0,0.0,0.0,0.0,0.0,0.0,0.0,0.0,0.0,0.0,0.0,0.01119827327644761,0.01119827327644761,0.01119827327644761,0.07778338859359961,0.07778338859359961,0.07778338859359961,0.066585115317152,0.066585115317152,0.066585115317152,0.0,0.0,0.0,62369.63849706262
71,2022-04-13,57724.03434933357,56508.615544473614,62817.60988882793,57724.03434933357,57724.03434933357,0.0,0.0,0.0,0.0,0.0,0.0,0.0,0.0,0.0,0.0,0.0,0.0,0.0,0.0,0.0,0.0,0.0,0.0,0.0,0.0,0.0,0.0,0.0,0.0,0.0,0.0,0.0,0.0,0.0,0.0,0.0,0.0,0.0,0.0,0.0,0.0,0.0,0.0,0.0,0.0,0.0,0.0,0.0,0.0,0.0,0.0,0.0,0.0,0.0,0.0,0.0,0.0,0.0,0.0,0.0,0.0,0.0,0.0,0.0,0.0,0.0,0.0,0.0,0.03282141640894338,0.03282141640894338,0.03282141640894338,0.03282141640894338,0.03282141640894338,0.03282141640894338,0.0,0.0,0.0,59618.61891751719
72,2022-04-14,57579.633206774095,63807.03187994047,70187.67469083052,57579.633206774095,57579.633206774095,0.0,0.0,0.0,0.0,0.0,0.0,0.0,0.0,0.0,0.0,0.0,0.0,0.0,0.0,0.0,0.0,0.0,0.0,0.0,0.0,0.0,0.06911847159123527,0.06911847159123527,0.06911847159123527,0.0,0.0,0.0,0.0,0.0,0.0,0.0,0.0,0.0,0.07869257072735868,0.07869257072735868,0.07869257072735868,0.0,0.0,0.0,0.0,0.0,0.0,0.0,0.0,0.0,0.0,0.0,0.0,0.0,0.0,0.0,0.0,0.0,0.0,0.0,0.0,0.0,0.0,0.0,0.0,0.14781104231859393,0.14781104231859393,0.14781104231859393,0.16655805034954901,0.16655805034954901,0.16655805034954901,0.018747008030955057,0.018747008030955057,0.018747008030955057,0.0,0.0,0.0,67169.98465353654
73,2022-04-15,57435.23206421462,48865.24666411888,55249.02432556887,57435.23206421462,57435.23206421462,0.0,0.0,0.0,0.0,0.0,0.0,0.0,0.0,0.0,0.0,0.0,0.0,0.0,0.0,0.0,0.0,0.0,0.0,0.0,0.0,0.0,0.0027447681155777716,0.0027447681155777716,0.0027447681155777716,0.0,0.0,0.0,0.0,0.0,0.0,0.0,0.0,0.0,0.01119827327644761,0.01119827327644761,0.01119827327644761,0.0,0.0,0.0,0.0,0.0,0.0,0.0,0.0,0.0,0.0,0.0,0.0,0.0,0.0,0.0,0.0,0.0,0.0,-0.08373366974207601,-0.08373366974207601,-0.08373366974207601,0.0,0.0,0.0,-0.06979062835005062,-0.06979062835005062,-0.06979062835005062,-0.09502245070023235,-0.09502245070023235,-0.09502245070023235,-0.025231822350181718,-0.025231822350181718,-0.025231822350181718,0.0,0.0,0.0,51977.59555693638
74,2022-04-16,57290.830929502816,47481.34550690153,53874.95522067674,57290.830929502816,57290.830929502816,0.0,0.0,0.0,0.0,0.0,0.0,0.0,0.0,0.0,0.0,0.0,0.0,0.0,0.0,0.0,0.0,0.0,0.0,0.0,0.0,0.0,0.0,0.0,0.0,0.0,0.0,0.0,0.0,0.0,0.0,0.0,0.0,0.0,0.0,0.0,0.0,0.0,0.0,0.0,0.0,0.0,0.0,0.0,0.0,0.0,0.0,0.0,0.0,0.0,0.0,0.0,0.0,0.0,0.0,0.0,0.0,0.0,0.0,0.0,0.0,0.0,0.0,0.0,-0.11497868590043696,-0.11497868590043696,-0.11497868590043696,-0.11497868590043696,-0.11497868590043696,-0.11497868590043696,0.0,0.0,0.0,50703.606475084474
75,2022-04-17,57146.429794791016,61344.99003652275,67661.0794831361,57146.429794791016,57146.429794791016,0.0,0.0,0.0,0.0,0.0,0.0,0.0,0.0,0.0,0.0,0.0,0.0,0.0,0.0,0.0,0.0,0.0,0.0,0.0,0.0,0.0,0.0,0.0,0.0,0.0,0.0,0.0,0.0,0.0,0.0,0.0,0.0,0.0,0.0,0.0,0.0,0.15256118300504745,0.15256118300504745,0.15256118300504745,0.0,0.0,0.0,0.0,0.0,0.0,0.0,0.0,0.0,0.0,0.0,0.0,0.0,0.0,0.0,0.0,0.0,0.0,0.0,0.0,0.0,0.15256118300504745,0.15256118300504745,0.15256118300504745,0.13128649312451757,0.13128649312451757,0.13128649312451757,-0.021274689880529895,-0.021274689880529895,-0.021274689880529895,0.0,0.0,0.0,64648.984157135565
76,2022-04-18,57002.02866007922,58050.053172308064,64563.544435003336,57002.02866007922,57002.02866007922,0.0,0.0,0.0,0.0,0.0,0.0,0.0,0.0,0.0,0.0,0.0,0.0,0.0,0.0,0.0,0.0,0.0,0.0,0.0,0.0,0.0,0.0,0.0,0.0,0.0,0.0,0.0,0.0,0.0,0.0,0.0,0.0,0.0,0.0,0.0,0.0,0.03211288262480859,0.03211288262480859,0.03211288262480859,0.0,0.0,0.0,0.0,0.0,0.0,0.0,0.0,0.0,0.0,0.0,0.0,0.0,0.0,0.0,0.0,0.0,0.0,0.0,0.0,0.0,0.03211288262480859,0.03211288262480859,0.03211288262480859,0.07544454099875039,0.07544454099875039,0.07544454099875039,0.0433316583739418,0.0433316583739418,0.0433316583739418,0.0,0.0,0.0,61302.520548336506
77,2022-04-19,56857.62752536741,57242.86084272895,63799.500195728346,56857.62752536741,56857.62752536741,0.0,0.0,0.0,0.0,0.0,0.0,0.0,0.0,0.0,0.0,0.0,0.0,0.0,0.0,0.0,0.0,0.0,0.0,0.0,0.0,0.0,0.0,0.0,0.0,0.0,0.0,0.0,0.0,0.0,0.0,0.0,0.0,0.0,0.0,0.0,0.0,0.0,0.0,0.0,0.0,0.0,0.0,0.0,0.0,0.0,0.0,0.0,0.0,0.0,0.0,0.0,0.0,0.0,0.0,0.0,0.0,0.0,0.0,0.0,0.0,0.0,0.0,0.0,0.0665851153171038,0.0665851153171038,0.0665851153171038,0.0665851153171038,0.0665851153171038,0.0665851153171038,0.0,0.0,0.0,60643.49921080093
78,2022-04-20,56713.226195497504,55410.27182373148,61775.63041226418,56713.226195497504,56713.226195497504,0.0,0.0,0.0,0.0,0.0,0.0,0.0,0.0,0.0,0.0,0.0,0.0,0.0,0.0,0.0,0.0,0.0,0.0,0.0,0.0,0.0,0.0,0.0,0.0,0.0,0.0,0.0,0.0,0.0,0.0,0.0,0.0,0.0,0.0,0.0,0.0,0.0,0.0,0.0,0.0,0.0,0.0,0.0,0.0,0.0,0.0,0.0,0.0,0.0,0.0,0.0,0.0,0.0,0.0,0.0,0.0,0.0,0.0,0.0,0.0,0.0,0.0,0.0,0.03282141640896497,0.03282141640896497,0.03282141640896497,0.03282141640896497,0.03282141640896497,0.03282141640896497,0.0,0.0,0.0,58574.63460835575
79,2022-04-21,56568.82486562759,67502.07373577922,73663.06523235416,56568.82486562759,56568.82486562759,0.0,0.0,0.0,0.0,0.0,0.0,0.0,0.0,0.0,0.0,0.0,0.0,0.0,0.0,0.0,0.0,0.0,0.0,0.0,0.0,0.0,0.0,0.0,0.0,0.0,0.0,0.0,0.0,0.0,0.0,0.07560806429744174,0.07560806429744174,0.07560806429744174,0.0,0.0,0.0,0.15256118300504745,0.15256118300504745,0.15256118300504745,0.0,0.0,0.0,0.0,0.0,0.0,0.0,0.0,0.0,0.0,0.0,0.0,0.0,0.0,0.0,0.0,0.0,0.0,0.0,0.0,0.0,0.2281692473024892,0.2281692473024892,0.2281692473024892,0.24691625533350817,0.24691625533350817,0.24691625533350817,0.018747008031018968,0.018747008031018968,0.018747008031018968,0.0,0.0,0.0,70536.5872700654
80,2022-04-22,56424.423535757676,61152.44120697147,67196.04171034617,56424.423535757676,56424.423535757676,0.0,0.0,0.0,0.0,0.0,0.0,0.0,0.0,0.0,0.0,0.0,0.0,0.0,0.0,0.0,0.0,0.0,0.0,0.0,0.0,0.0,0.0,0.0,0.0,0.0,0.0,0.0,0.0,0.0,0.0,0.05259978518954307,0.05259978518954307,0.05259978518954307,0.07869257072735868,0.07869257072735868,0.07869257072735868,0.03211288262480859,0.03211288262480859,0.03211288262480859,0.0,0.0,0.0,0.0,0.0,0.0,0.0,0.0,0.0,0.0,0.0,0.0,0.0,0.0,0.0,0.0,0.0,0.0,0.0,0.0,0.0,0.16340523854171035,0.16340523854171035,0.16340523854171035,0.13817341619191995,0.13817341619191995,0.13817341619191995,-0.02523182234979039,-0.02523182234979039,-0.02523182234979039,0.0,0.0,0.0,64220.77889235308
81,2022-04-23,56280.022336555565,47484.30642620506,53722.563265108496,56280.022336555565,56280.022336555565,0.0,0.0,0.0,0.0,0.0,0.0,0.0,0.0,0.0,0.0,0.0,0.0,0.0,0.0,0.0,0.0,0.0,0.0,0.0,0.0,0.0,0.0,0.0,0.0,0.0,0.0,0.0,0.0,0.0,0.0,0.0,0.0,0.0,0.01119827327644761,0.01119827327644761,0.01119827327644761,0.0,0.0,0.0,0.0,0.0,0.0,0.0,0.0,0.0,0.0,0.0,0.0,0.0,0.0,0.0,0.0,0.0,0.0,0.0,0.0,0.0,0.0,0.0,0.0,0.01119827327644761,0.01119827327644761,0.01119827327644761,-0.10378041262396928,-0.10378041262396928,-0.10378041262396928,-0.11497868590041689,-0.11497868590041689,-0.11497868590041689,0.0,0.0,0.0,50439.25839598162
82,2022-04-24,56135.62113735347,56221.07618148885,62642.49548106387,56135.62113735347,56135.62113735347,0.0,0.0,0.0,0.0,0.0,0.0,0.0,0.0,0.0,0.0,0.0,0.0,0.0,0.0,0.0,0.0,0.0,0.0,0.0,0.0,0.0,0.0,0.0,0.0,0.0,0.0,0.0,0.0,0.0,0.0,0.0,0.0,0.0,0.07869257072735868,0.07869257072735868,0.07869257072735868,0.0,0.0,0.0,0.0,0.0,0.0,0.0,0.0,0.0,0.0,0.0,0.0,0.0,0.0,0.0,0.0,0.0,0.0,0.0,0.0,0.0,0.0,0.0,0.0,0.07869257072735868,0.07869257072735868,0.07869257072735868,0.05741788084688214,0.05741788084688214,0.05741788084688214,-0.02127468988047654,-0.02127468988047654,-0.02127468988047654,0.0,0.0,0.0,59358.80954308375
83,2022-04-25,55991.21993815136,55992.73366337145,62461.25812012157,55991.21993815136,55991.21993815136,0.0,0.0,0.0,0.0,0.0,0.0,0.0,0.0,0.0,0.0,0.0,0.0,0.0,0.0,0.0,0.0,0.0,0.0,0.0,0.0,0.0,0.0,0.0,0.0,0.0,0.0,0.0,0.0,0.0,0.0,0.0,0.0,0.0,0.01119827327644761,0.01119827327644761,0.01119827327644761,0.0,0.0,0.0,0.0,0.0,0.0,0.0,0.0,0.0,0.0,0.0,0.0,0.0,0.0,0.0,0.0,0.0,0.0,0.0,0.0,0.0,0.0,0.0,0.0,0.01119827327644761,0.01119827327644761,0.01119827327644761,0.05452993165037282,0.05452993165037282,0.05452993165037282,0.04333165837392521,0.04333165837392521,0.04333165837392521,0.0,0.0,0.0,59044.417334399746
84,2022-04-26,55846.81873894923,56468.057773756664,62734.893500592094,55846.81873894923,55846.81873894923,0.0,0.0,0.0,0.0,0.0,0.0,0.0,0.0,0.0,0.0,0.0,0.0,0.0,0.0,0.0,0.0,0.0,0.0,0.0,0.0,0.0,0.0,0.0,0.0,0.0,0.0,0.0,0.0,0.0,0.0,0.0,0.0,0.0,0.0,0.0,0.0,0.0,0.0,0.0,0.0,0.0,0.0,0.0,0.0,0.0,0.0,0.0,0.0,0.0,0.0,0.0,0.0,0.0,0.0,0.0,0.0,0.0,0.0,0.0,0.0,0.0,0.0,0.0,0.06658511531718639,0.06658511531718639,0.06658511531718639,0.06658511531718639,0.06658511531718639,0.06658511531718639,0.0,0.0,0.0,59565.38560478017
85,2022-04-27,55702.481632520765,58681.88520934773,65061.62574984421,55702.481632520765,55702.481632520765,0.0,0.0,0.0,0.0,0.0,0.0,0.0,0.0,0.0,0.0,0.0,0.0,0.0,0.0,0.0,0.0,0.0,0.0,0.0,0.0,0.0,0.0,0.0,0.0,0.0,0.0,0.0,0.0,0.0,0.0,0.0,0.0,0.0,0.07869257072735868,0.07869257072735868,0.07869257072735868,0.0,0.0,0.0,0.0,0.0,0.0,0.0,0.0,0.0,0.0,0.0,0.0,0.0,0.0,0.0,0.0,0.0,0.0,0.0,0.0,0.0,0.0,0.0,0.0,0.07869257072735868,0.07869257072735868,0.07869257072735868,0.11151398713634528,0.11151398713634528,0.11151398713634528,0.032821416408986594,0.032821416408986594,0.032821416408986594,0.0,0.0,0.0,61914.087452752196
86,2022-04-28,55558.144526092314,62743.578431464615,68964.45730278235,55558.144526092314,55558.144526092314,0.0,0.0,0.0,0.0,0.0,0.0,0.0,0.0,0.0,0.0,0.0,0.0,0.0,0.0,0.0,0.0,0.0,0.0,0.0,0.0,0.0,0.0,0.0,0.0,0.0,0.0,0.0,0.0,0.0,0.0,0.0,0.0,0.0,0.01119827327644761,0.01119827327644761,0.01119827327644761,0.15256118300504745,0.15256118300504745,0.15256118300504745,0.0,0.0,0.0,0.0,0.0,0.0,0.0,0.0,0.0,0.0,0.0,0.0,0.0,0.0,0.0,0.0,0.0,0.0,0.0,0.0,0.0,0.16375945628149507,0.16375945628149507,0.16375945628149507,0.18250646431258055,0.18250646431258055,0.18250646431258055,0.01874700803108549,0.01874700803108549,0.01874700803108549,0.0,0.0,0.0,65697.86504731677
87,2022-04-29,55413.80741966383,61028.56719050162,67539.7996018026,55413.80741966383,55413.80741966383,0.0,0.0,0.0,0.0,0.0,0.0,0.0,0.0,0.0,0.0,0.0,0.0,0.0,0.0,0.0,0.0,0.0,0.0,0.0,0.0,0.0,0.0,0.0,0.0,0.0,0.0,0.0,0.0,0.0,0.0,0.0,0.0,0.0,0.0,0.0,0.0,0.18467406562985605,0.18467406562985605,0.18467406562985605,0.0,0.0,0.0,0.0,0.0,0.0,0.0,0.0,0.0,0.0,0.0,0.0,0.0,0.0,0.0,0.0,0.0,0.0,0.0,0.0,0.0,0.18467406562985605,0.18467406562985605,0.18467406562985605,0.15944224327993894,0.15944224327993894,0.15944224327993894,-0.025231822349917107,-0.025231822349917107,-0.025231822349917107,0.0,0.0,0.0,64249.10918333756
88,2022-04-30,55269.47006803462,51884.97060377845,57894.357640029906,55269.47006803462,55269.47006803462,0.0,0.0,0.0,0.0,0.0,0.0,0.0,0.0,0.0,0.0,0.0,0.0,0.0,0.0,0.0,0.0,0.0,0.0,0.0,0.0,0.0,0.0,0.0,0.0,0.0,0.0,0.0,0.0,0.0,0.0,0.0,0.0,0.0,0.07869257072735868,0.07869257072735868,0.07869257072735868,0.03211288262480859,0.03211288262480859,0.03211288262480859,0.0,0.0,0.0,0.0,0.0,0.0,0.0,0.0,0.0,0.0,0.0,0.0,0.0,0.0,0.0,0.0,0.0,0.0,0.0,0.0,0.0,0.11080545335216727,0.11080545335216727,0.11080545335216727,-0.004173232548261574,-0.004173232548261574,-0.004173232548261574,-0.11497868590042884,-0.11497868590042884,-0.11497868590042884,0.0,0.0,0.0,55038.81771662153
89,2022-05-01,55125.1327164054,55929.07032913113,61984.450465871225,55125.1327164054,55125.1327164054,0.0,0.0,0.0,0.0,0.0,0.0,0.0,0.0,0.0,0.0,0.0,0.0,0.0,0.0,0.0,0.0,0.0,0.0,0.0,0.0,0.0,0.0,0.0,0.0,0.0,0.0,0.0,0.0,0.0,0.0,0.0,0.0,0.0,0.08989084400380629,0.08989084400380629,0.08989084400380629,0.0,0.0,0.0,0.0,0.0,0.0,0.0,0.0,0.0,0.0,0.0,0.0,0.0,0.0,0.0,0.0,0.0,0.0,0.0,0.0,0.0,0.0,0.0,0.0,0.08989084400380629,0.08989084400380629,0.08989084400380629,0.06861615412342728,0.06861615412342728,0.06861615412342728,-0.021274689880379002,-0.021274689880379002,-0.021274689880379002,0.0,0.0,0.0,58907.60731894866
90,2022-05-02,54980.79536477618,55112.59007218869,61542.09333447387,54980.79536477618,54980.79536477618,0.0,0.0,0.0,0.0,0.0,0.0,0.0,0.0,0.0,0.0,0.0,0.0,0.0,0.0,0.0,0.005788996157575538,0.005788996157575538,0.005788996157575538,0.0,0.0,0.0,0.0,0.0,0.0,0.0,0.0,0.0,0.0,0.0,0.0,0.0,0.0,0.0,0.01119827327644761,0.01119827327644761,0.01119827327644761,0.0,0.0,0.0,0.0,0.0,0.0,0.0,0.0,0.0,0.0,0.0,0.0,0.0,0.0,0.0,0.0,0.0,0.0,0.0,0.0,0.0,0.0,0.0,0.0,0.016987269434023147,0.016987269434023147,0.016987269434023147,0.06031892780778935,0.06031892780778935,0.06031892780778935,0.0433316583737662,0.0433316583737662,0.0433316583737662,0.0,0.0,0.0,58297.17799119896
91,2022-05-03,54836.458013146956,59647.30266001774,66159.1570718127,54836.458013146956,54836.458013146956,0.0,0.0,0.0,0.0,0.0,0.0,0.0,0.0,0.0,0.0,0.0,0.0,0.0,0.0,0.0,0.0,0.0,0.0,0.0,0.0,0.0,0.0,0.0,0.0,0.0,0.0,0.0,0.0,0.0,0.0,0.0,0.0,0.0,0.07869257072735868,0.07869257072735868,0.07869257072735868,0.0,0.0,0.0,0.0,0.0,0.0,0.0,0.0,0.0,0.0,0.0,0.0,0.0,0.0,0.0,0.0,0.0,0.0,0.0,0.0,0.0,0.0,0.0,0.0,0.07869257072735868,0.07869257072735868,0.07869257072735868,0.1452776860444969,0.1452776860444969,0.1452776860444969,0.06658511531713822,0.06658511531713822,0.06658511531713822,0.0,0.0,0.0,62802.971744173155
92,2022-05-04,54692.120661517736,53837.51214976664,60465.24465680445,54692.120661517736,54692.120661517736,0.0,0.0,0.0,0.0,0.0,0.0,0.0,0.0,0.0,0.0,0.0,0.0,0.0,0.0,0.0,0.0,0.0,0.0,0.0,0.0,0.0,0.0,0.0,0.0,0.0,0.0,0.0,0.0,0.0,0.0,0.0,0.0,0.0,0.01119827327644761,0.01119827327644761,0.01119827327644761,0.0,0.0,0.0,0.0,0.0,0.0,0.0,0.0,0.0,0.0,0.0,0.0,0.0,0.0,0.0,0.0,0.0,0.0,0.0,0.0,0.0,0.0,0.0,0.0,0.01119827327644761,0.01119827327644761,0.01119827327644761,0.04401968968533421,0.04401968968533421,0.04401968968533421,0.0328214164088866,0.0328214164088866,0.0328214164088866,0.0,0.0,0.0,57099.6508412706
93,2022-05-05,54547.783309888524,65080.962651726484,71142.10148320283,54547.783309888524,54547.783309888524,0.0,0.0,0.0,0.0,0.0,0.0,0.0,0.0,0.0,0.0,0.0,0.0,0.0,0.0,0.0,0.0,0.0,0.0,0.0,0.0,0.0,0.0,0.0,0.0,0.0,0.0,0.0,0.0,0.0,0.0,0.07560806429744174,0.07560806429744174,0.07560806429744174,0.0,0.0,0.0,0.15256118300504745,0.15256118300504745,0.15256118300504745,0.0,0.0,0.0,0.0,0.0,0.0,0.0,0.0,0.0,0.0,0.0,0.0,0.0,0.0,0.0,0.0,0.0,0.0,0.0,0.0,0.0,0.2281692473024892,0.2281692473024892,0.2281692473024892,0.2469162553334176,0.2469162553334176,0.2469162553334176,0.01874700803092842,0.01874700803092842,0.01874700803092842,0.0,0.0,0.0,68016.5177015049
94,2022-05-06,54403.445958259304,58552.57055936927,64883.37884293259,54403.445958259304,54403.445958259304,0.0,0.0,0.0,0.0,0.0,0.0,0.0,0.0,0.0,0.0,0.0,0.0,0.0,0.0,0.0,0.0,0.0,0.0,0.0,0.0,0.0,0.0,0.0,0.0,0.0,0.0,0.0,0.0,0.0,0.0,0.05259978518954307,0.05259978518954307,0.05259978518954307,0.07869257072735868,0.07869257072735868,0.07869257072735868,0.03211288262480859,0.03211288262480859,0.03211288262480859,0.0,0.0,0.0,0.0,0.0,0.0,0.0,0.0,0.0,0.0,0.0,0.0,0.0,0.0,0.0,0.0,0.0,0.0,0.0,0.0,0.0,0.16340523854171035,0.16340523854171035,0.16340523854171035,0.1381734161916665,0.1381734161916665,0.1381734161916665,-0.025231822350043842,-0.025231822350043842,-0.025231822350043842,0.0,0.0,0.0,61920.55593891071
95,2022-05-07,54259.108606630085,45415.467423076014,51677.50778982738,54259.108606630085,54259.108606630085,0.0,0.0,0.0,0.0,0.0,0.0,0.0,0.0,0.0,0.0,0.0,0.0,0.0,0.0,0.0,0.0,0.0,0.0,0.0,0.0,0.0,0.0,0.0,0.0,0.0,0.0,0.0,0.0,0.0,0.0,0.0,0.0,0.0,0.01119827327644761,0.01119827327644761,0.01119827327644761,0.0,0.0,0.0,0.0,0.0,0.0,0.0,0.0,0.0,0.0,0.0,0.0,0.0,0.0,0.0,0.0,0.0,0.0,0.0,0.0,0.0,0.0,0.0,0.0,0.01119827327644761,0.01119827327644761,0.01119827327644761,-0.10378041262396749,-0.10378041262396749,-0.10378041262396749,-0.1149786859004151,-0.1149786859004151,-0.1149786859004151,0.0,0.0,0.0,48628.075926825346
96,2022-05-08,54114.771255000865,49709.92351248239,56147.189117306865,54114.771255000865,54114.771255000865,0.0,0.0,0.0,0.0,0.0,0.0,0.0,0.0,0.0,0.0,0.0,0.0,0.0,0.0,0.0,0.0,0.0,0.0,0.0,0.0,0.0,0.0,0.0,0.0,0.0,0.0,0.0,0.0,0.0,0.0,0.0,0.0,0.0,0.0,0.0,0.0,0.0,0.0,0.0,0.0,0.0,0.0,0.0,0.0,0.0,0.0,0.0,0.0,0.0,0.0,0.0,0.0,0.0,0.0,0.0,0.0,0.0,0.0,0.0,0.0,0.0,0.0,0.0,-0.02127468988030356,-0.02127468988030356,-0.02127468988030356,-0.02127468988030356,-0.02127468988030356,-0.02127468988030356,0.0,0.0,0.0,52963.496278607156
97,2022-05-09,53970.43390337164,80721.99138336042,86877.61285733084,53970.43390337164,53970.43390337164,0.0,0.0,0.0,0.0,0.0,0.0,0.0,0.0,0.0,0.0,0.0,0.0,0.0,0.0,0.0,0.0,0.0,0.0,0.0,0.0,0.0,0.0,0.0,0.0,0.0,0.0,0.0,0.0,0.0,0.0,0.0,0.0,0.0,0.0,0.0,0.0,0.0,0.0,0.0,0.0,0.0,0.0,0.0,0.0,0.0,0.20188095626197647,0.20188095626197647,0.20188095626197647,0.30575313753391264,0.30575313753391264,0.30575313753391264,0.0,0.0,0.0,0.0,0.0,0.0,0.0,0.0,0.0,0.5076340937958891,0.5076340937958891,0.5076340937958891,0.5509657521697106,0.5509657521697106,0.5509657521697106,0.04333165837382146,0.04333165837382146,0.04333165837382146,0.0,0.0,0.0,83706.29461386845
98,2022-05-10,53826.09655174243,58513.29020509181,64811.14427288658,53826.09655174243,53826.09655174243,0.0,0.0,0.0,0.0,0.0,0.0,0.0,0.0,0.0,0.0,0.0,0.0,0.0,0.0,0.0,0.0,0.0,0.0,0.0,0.0,0.0,0.0,0.0,0.0,0.0,0.0,0.0,0.0,0.0,0.0,0.0,0.0,0.0,0.0,0.0,0.0,0.0,0.0,0.0,0.0,0.0,0.0,0.0,0.0,0.0,0.0232256685503876,0.0232256685503876,0.0232256685503876,0.05626137170288841,0.05626137170288841,0.05626137170288841,0.0,0.0,0.0,0.0,0.0,0.0,0.0,0.0,0.0,0.07948704025327602,0.07948704025327602,0.07948704025327602,0.1460721555704734,0.1460721555704734,0.1460721555704734,0.0665851153171974,0.0665851153171974,0.0665851153171974,0.0,0.0,0.0,61688.59050099987
99,2022-05-11,53681.75920011321,53077.09294669874,59721.60252187715,53681.75920011321,53681.75920011321,0.0,0.0,0.0,0.0,0.0,0.0,0.0,0.0,0.0,0.0,0.0,0.0,0.0,0.0,0.0,0.0,0.0,0.0,0.0,0.0,0.0,0.0,0.0,0.0,0.0,0.0,0.0,0.0,0.0,0.0,0.0,0.0,0.0,0.0,0.0,0.0,0.0,0.0,0.0,0.0,0.0,0.0,0.0,0.0,0.0,0.0,0.0,0.0,0.01687380750582958,0.01687380750582958,0.01687380750582958,0.0,0.0,0.0,0.0,0.0,0.0,0.0,0.0,0.0,0.01687380750582958,0.01687380750582958,0.01687380750582958,0.04969522391485941,0.04969522391485941,0.04969522391485941,0.03282141640902983,0.03282141640902983,0.03282141640902983,0.0,0.0,0.0,56349.48624370639
100,2022-05-12,53537.42184848399,59202.92057747122,65893.51014382538,53537.42184848399,53537.42184848399,0.0,0.0,0.0,0.0,0.0,0.0,0.0,0.0,0.0,0.0,0.0,0.0,0.0,0.0,0.0,0.0,0.0,0.0,0.0,0.0,0.0,0.06911847159123527,0.06911847159123527,0.06911847159123527,0.0,0.0,0.0,0.0,0.0,0.0,0.0,0.0,0.0,0.07869257072735868,0.07869257072735868,0.07869257072735868,0.0,0.0,0.0,0.0,0.0,0.0,0.0,0.0,0.0,0.0,0.0,0.0,0.0,0.0,0.0,0.0,0.0,0.0,0.0,0.0,0.0,0.0,0.0,0.0,0.14781104231859393,0.14781104231859393,0.14781104231859393,0.16655805034958887,0.16655805034958887,0.16655805034958887,0.018747008030994942,0.018747008030994942,0.018747008030994942,0.0,0.0,0.0,62454.51045231097
101,2022-05-13,53393.08449685477,49616.22349753719,55917.86863022855,53393.08449685477,53393.08449685477,0.0,0.0,0.0,0.0,0.0,0.0,0.0,0.0,0.0,0.0,0.0,0.0,0.0,0.0,0.0,0.0,0.0,0.0,0.0,0.0,0.0,0.0027447681155777716,0.0027447681155777716,0.0027447681155777716,0.0,0.0,0.0,0.0,0.0,0.0,0.0,0.0,0.0,0.01119827327644761,0.01119827327644761,0.01119827327644761,0.0,0.0,0.0,0.0,0.0,0.0,0.0,0.0,0.0,0.0,0.0,0.0,0.0,0.0,0.0,0.0,0.0,0.0,0.0,0.0,0.0,0.0,0.0,0.0,0.01394304139202538,0.01394304139202538,0.01394304139202538,-0.011288780957985543,-0.011288780957985543,-0.011288780957985543,-0.025231822350010924,-0.025231822350010924,-0.025231822350010924,0.0,0.0,0.0,52790.34166129856
102,2022-05-14,53248.74714522554,44019.80845876096,50278.13646633232,53248.74714522554,53248.74714522554,0.0,0.0,0.0,0.0,0.0,0.0,0.0,0.0,0.0,0.0,0.0,0.0,0.0,0.0,0.0,0.0,0.0,0.0,0.0,0.0,0.0,0.0,0.0,0.0,0.0,0.0,0.0,0.0,0.0,0.0,0.0,0.0,0.0,0.0,0.0,0.0,0.0,0.0,0.0,0.0,0.0,0.0,0.0,0.0,0.0,0.0,0.0,0.0,0.0,0.0,0.0,0.0,0.0,0.0,0.0,0.0,0.0,0.0,0.0,0.0,0.0,0.0,0.0,-0.11497868590042708,-0.11497868590042708,-0.11497868590042708,-0.11497868590042708,-0.11497868590042708,-0.11497868590042708,0.0,0.0,0.0,47126.276172623395
103,2022-05-15,53104.40979359634,48765.10056178097,54940.18577212284,53104.40979359634,53104.40979359634,0.0,0.0,0.0,0.0,0.0,0.0,0.0,0.0,0.0,0.0,0.0,0.0,0.0,0.0,0.0,0.0,0.0,0.0,0.0,0.0,0.0,0.0,0.0,0.0,0.0,0.0,0.0,0.0,0.0,0.0,0.0,0.0,0.0,0.0,0.0,0.0,0.0,0.0,0.0,0.0,0.0,0.0,0.0,0.0,0.0,0.0,0.0,0.0,0.0,0.0,0.0,0.0,0.0,0.0,0.0,0.0,0.0,0.0,0.0,0.0,0.0,0.0,0.0,-0.02127468988020603,-0.02127468988020603,-0.02127468988020603,-0.02127468988020603,-0.02127468988020603,-0.02127468988020603,0.0,0.0,0.0,51974.6299439662
104,2022-05-16,52960.0724419671,54113.584003974516,60629.59259114404,52960.0724419671,52960.0724419671,0.0,0.0,0.0,0.0,0.0,0.0,0.0,0.0,0.0,0.0,0.0,0.0,0.0,0.0,0.0,0.0,0.0,0.0,0.0,0.0,0.0,0.0,0.0,0.0,0.0,0.0,0.0,0.0,0.0,0.0,0.0,0.0,0.0,0.0,0.0,0.0,0.0,0.0,0.0,0.0,0.0,0.0,0.0,0.0,0.0,0.0,0.0,0.0,0.0,0.0,0.0,0.0,0.0,0.0,0.0,0.0,0.0,0.041161540676206386,0.041161540676206386,0.041161540676206386,0.041161540676206386,0.041161540676206386,0.041161540676206386,0.08449319905008312,0.08449319905008312,0.08449319905008312,0.04333165837387673,0.04333165837387673,0.04333165837387673,0.0,0.0,0.0,57434.83838451306
105,2022-05-17,52815.73509033789,57851.40252726078,64096.89000496319,52815.73509033789,52815.73509033789,0.0,0.0,0.0,0.0,0.0,0.0,0.0,0.0,0.0,0.0,0.0,0.0,0.0,0.0,0.0,0.0,0.0,0.0,0.0,0.0,0.0,0.0,0.0,0.0,0.0,0.0,0.0,0.0,0.0,0.0,0.0,0.0,0.0,0.07869257072735868,0.07869257072735868,0.07869257072735868,0.0,0.0,0.0,0.0,0.0,0.0,0.0,0.0,0.0,0.0,0.0,0.0,0.0,0.0,0.0,0.0,0.0,0.0,0.0,0.0,0.0,0.008826141790361374,0.008826141790361374,0.008826141790361374,0.08751871251772005,0.08751871251772005,0.08751871251772005,0.15410382783497664,0.15410382783497664,0.15410382783497664,0.06658511531725658,0.06658511531725658,0.06658511531725658,0.0,0.0,0.0,60954.84203767706
106,2022-05-18,52671.39773870867,55973.77798285208,62296.128307886436,52671.39773870867,52671.39773870867,0.0,0.0,0.0,0.0,0.0,0.0,0.0,0.0,0.0,0.0,0.0,0.0,0.0,0.0,0.0,0.0,0.0,0.0,0.0,0.0,0.0,0.0,0.0,0.0,0.0,0.0,0.0,0.0,0.0,0.0,0.0,0.0,0.0,0.08989084400380629,0.08989084400380629,0.08989084400380629,0.0,0.0,0.0,0.0,0.0,0.0,0.0,0.0,0.0,0.0,0.0,0.0,0.0,0.0,0.0,0.0,0.0,0.0,0.0,0.0,0.0,0.0,0.0,0.0,0.08989084400380629,0.08989084400380629,0.08989084400380629,0.12271226041276954,0.12271226041276954,0.12271226041276954,0.03282141640896325,0.03282141640896325,0.03282141640896325,0.0,0.0,0.0,59134.82401432565
107,2022-05-19,52527.06038707945,55161.785244104096,61234.00884238984,52527.06038707945,52527.06038707945,0.0,0.0,0.0,0.0,0.0,0.0,0.0,0.0,0.0,0.0,0.0,0.0,0.0,0.0,0.0,0.0,0.0,0.0,0.0,0.0,0.0,0.0,0.0,0.0,0.0,0.0,0.0,0.0,0.0,0.0,0.0,0.0,0.0,0.08989084400380629,0.08989084400380629,0.08989084400380629,0.0,0.0,0.0,0.0,0.0,0.0,0.0,0.0,0.0,0.0,0.0,0.0,0.0,0.0,0.0,0.0,0.0,0.0,0.0,0.0,0.0,0.0,0.0,0.0,0.08989084400380629,0.08989084400380629,0.08989084400380629,0.10863785203475594,0.10863785203475594,0.10863785203475594,0.018747008030949662,0.018747008030949662,0.018747008030949662,0.0,0.0,0.0,58233.48740123168
108,2022-05-20,52382.723035450224,52573.733982809725,59061.27553767938,52382.723035450224,52382.723035450224,0.0,0.0,0.0,0.0,0.0,0.0,0.0,0.0,0.0,0.0,0.0,0.0,0.0,0.0,0.0,0.0,0.0,0.0,0.0,0.0,0.0,0.0,0.0,0.0,0.0,0.0,0.0,0.0,0.0,0.0,0.0,0.0,0.0,0.08989084400380629,0.08989084400380629,0.08989084400380629,0.0,0.0,0.0,0.0,0.0,0.0,0.0,0.0,0.0,0.0,0.0,0.0,0.0,0.0,0.0,0.0,0.0,0.0,0.0,0.0,0.0,0.0,0.0,0.0,0.08989084400380629,0.08989084400380629,0.08989084400380629,0.06465902165366863,0.06465902165366863,0.06465902165366863,-0.025231822350137663,-0.025231822350137663,-0.025231822350137663,0.0,0.0,0.0,55769.73865847753
109,2022-05-21,52238.385683821005,43683.024259502185,50097.51020538261,52238.385683821005,52238.385683821005,0.0,0.0,0.0,0.0,0.0,0.0,0.0,0.0,0.0,0.0,0.0,0.0,0.0,0.0,0.0,0.0,0.0,0.0,0.0,0.0,0.0,0.0,0.0,0.0,0.0,0.0,0.0,0.0,0.0,0.0,0.0,0.0,0.0,0.01119827327644761,0.01119827327644761,0.01119827327644761,0.0,0.0,0.0,0.0,0.0,0.0,0.0,0.0,0.0,0.0,0.0,0.0,0.0,0.0,0.0,0.0,0.0,0.0,0.0,0.0,0.0,0.0,0.0,0.0,0.01119827327644761,0.01119827327644761,0.01119827327644761,-0.1037804126239594,-0.1037804126239594,-0.1037804126239594,-0.11497868590040701,-0.11497868590040701,-0.11497868590040701,0.0,0.0,0.0,46817.06446274453
110,2022-05-22,52094.04833219179,47854.67730957167,54132.62612411319,52094.03385314981,52094.04833219179,0.0,0.0,0.0,0.0,0.0,0.0,0.0,0.0,0.0,0.0,0.0,0.0,0.0,0.0,0.0,0.0,0.0,0.0,0.0,0.0,0.0,0.0,0.0,0.0,0.0,0.0,0.0,0.0,0.0,0.0,0.0,0.0,0.0,0.0,0.0,0.0,0.0,0.0,0.0,0.0,0.0,0.0,0.0,0.0,0.0,0.0,0.0,0.0,0.0,0.0,0.0,0.0,0.0,0.0,0.0,0.0,0.0,0.0,0.0,0.0,0.0,0.0,0.0,-0.02127468988015267,-0.02127468988015267,-0.02127468988015267,-0.02127468988015267,-0.02127468988015267,-0.02127468988015267,0.0,0.0,0.0,50985.76360932273
111,2022-05-23,51949.71098056257,55301.0353541667,61631.443808007185,51922.757345048296,51991.05050279341,0.0,0.0,0.0,0.0,0.0,0.0,0.0,0.0,0.0,0.0,0.0,0.0,0.0,0.0,0.0,0.0,0.0,0.0,0.0,0.0,0.0,0.0,0.0,0.0,0.0,0.0,0.0,0.0,0.0,0.0,0.0,0.0,0.0,0.07869257072735868,0.07869257072735868,0.07869257072735868,0.0,0.0,0.0,0.0,0.0,0.0,0.0,0.0,0.0,0.0,0.0,0.0,0.0,0.0,0.0,0.0,0.0,0.0,0.0,0.0,0.0,0.0,0.0,0.0,0.07869257072735868,0.07869257072735868,0.07869257072735868,0.12202422910100455,0.12202422910100455,0.12202422910100455,0.043331658373645866,0.043331658373645866,0.043331658373645866,0.0,0.0,0.0,58288.83441498571
112,2022-05-24,51805.373628933354,52584.85572313759,58899.521504659206,51712.12458875382,51926.374578334486,0.0,0.0,0.0,0.0,0.0,0.0,0.0,0.0,0.0,0.0,0.0,0.0,0.0,0.0,0.0,0.0,0.0,0.0,0.0,0.0,0.0,0.0,0.0,0.0,0.0,0.0,0.0,0.0,0.0,0.0,0.0,0.0,0.0,0.01119827327644761,0.01119827327644761,0.01119827327644761,0.0,0.0,0.0,0.0,0.0,0.0,0.0,0.0,0.0,0.0,0.0,0.0,0.0,0.0,0.0,0.0,0.0,0.0,0.0,0.0,0.0,0.0,0.0,0.0,0.01119827327644761,0.01119827327644761,0.01119827327644761,0.07778338859354864,0.07778338859354864,0.07778338859354864,0.06658511531710103,0.06658511531710103,0.06658511531710103,0.0,0.0,0.0,55834.971137146655
113,2022-05-25,51661.03627730413,50378.340721723835,56416.30613770585,51482.2055760788,51865.931892704575,0.0,0.0,0.0,0.0,0.0,0.0,0.0,0.0,0.0,0.0,0.0,0.0,0.0,0.0,0.0,0.0,0.0,0.0,0.0,0.0,0.0,0.0,0.0,0.0,0.0,0.0,0.0,0.0,0.0,0.0,0.0,0.0,0.0,0.0,0.0,0.0,0.0,0.0,0.0,0.0,0.0,0.0,0.0,0.0,0.0,0.0,0.0,0.0,0.0,0.0,0.0,0.0,0.0,0.0,0.0,0.0,0.0,0.0,0.0,0.0,0.0,0.0,0.0,0.032821416408984866,0.032821416408984866,0.032821416408984866,0.032821416408984866,0.032821416408984866,0.032821416408984866,0.0,0.0,0.0,53356.624661081194
114,2022-05-26,51516.69892567491,57269.10546079809,63618.86122936701,51245.493756478245,51832.14001934658,0.0,0.0,0.0,0.0,0.0,0.0,0.0,0.0,0.0,0.0,0.0,0.0,0.0,0.0,0.0,0.0,0.0,0.0,0.0,0.0,0.0,0.0,0.0,0.0,0.0,0.0,0.0,0.0,0.0,0.0,0.0,0.0,0.0,0.0,0.0,0.0,0.15256118300504745,0.15256118300504745,0.15256118300504745,0.0,0.0,0.0,0.0,0.0,0.0,0.0,0.0,0.0,0.0,0.0,0.0,0.0,0.0,0.0,0.0,0.0,0.0,0.0,0.0,0.0,0.15256118300504745,0.15256118300504745,0.15256118300504745,0.17130819103606104,0.17130819103606104,0.17130819103606104,0.01874700803101358,0.01874700803101358,0.01874700803101358,0.0,0.0,0.0,60341.93142678166
115,2022-05-27,51372.361574045695,52630.099253198176,59049.4244904264,51002.809146548,51806.467154283746,0.0,0.0,0.0,0.0,0.0,0.0,0.0,0.0,0.0,0.0,0.0,0.0,0.0,0.0,0.0,0.0,0.0,0.0,0.0,0.0,0.0,0.0,0.0,0.0,0.0,0.0,0.0,0.0,0.0,0.0,0.0,0.0,0.0,0.07869257072735868,0.07869257072735868,0.07869257072735868,0.03211288262480859,0.03211288262480859,0.03211288262480859,0.0,0.0,0.0,0.0,0.0,0.0,0.0,0.0,0.0,0.0,0.0,0.0,0.0,0.0,0.0,0.0,0.0,0.0,0.0,0.0,0.0,0.11080545335216727,0.11080545335216727,0.11080545335216727,0.0855736310019827,0.0855736310019827,0.0855736310019827,-0.025231822350184566,-0.025231822350184566,-0.025231822350184566,0.0,0.0,0.0,55768.48108708352
116,2022-05-28,51228.024222416476,42710.602871495685,49085.832328413184,50721.205555308785,51828.25272446175,0.0,0.0,0.0,0.0,0.0,0.0,0.0,0.0,0.0,0.0,0.0,0.0,0.0,0.0,0.0,0.0,0.0,0.0,0.0,0.0,0.0,0.0,0.0,0.0,0.0,0.0,0.0,0.0,0.0,0.0,0.0,0.0,0.0,0.01119827327644761,0.01119827327644761,0.01119827327644761,0.0,0.0,0.0,0.0,0.0,0.0,0.0,0.0,0.0,0.0,0.0,0.0,0.0,0.0,0.0,0.0,0.0,0.0,0.0,0.0,0.0,0.0,0.0,0.0,0.01119827327644761,0.01119827327644761,0.01119827327644761,-0.10378041262400337,-0.10378041262400337,-0.10378041262400337,-0.11497868590045097,-0.11497868590045097,-0.11497868590045097,0.0,0.0,0.0,45911.558730701654
117,2022-05-29,51083.686870787256,46544.27381011143,53465.32929125135,50467.5190227805,51838.881615273225,0.0,0.0,0.0,0.0,0.0,0.0,0.0,0.0,0.0,0.0,0.0,0.0,0.0,0.0,0.0,0.0,0.0,0.0,0.0,0.0,0.0,0.0,0.0,0.0,0.0,0.0,0.0,0.0,0.0,0.0,0.0,0.0,0.0,0.0,0.0,0.0,0.0,0.0,0.0,0.0,0.0,0.0,0.0,0.0,0.0,0.0,0.0,0.0,0.0,0.0,0.0,0.0,0.0,0.0,0.0,0.0,0.0,0.0,0.0,0.0,0.0,0.0,0.0,-0.02127468988049834,-0.02127468988049834,-0.02127468988049834,-0.02127468988049834,-0.02127468988049834,-0.02127468988049834,0.0,0.0,0.0,49996.897274658775
118,2022-05-30,50939.34951915804,49968.717131352016,56533.069125088194,50177.91252023696,51874.41616665733,0.0,0.0,0.0,0.0,0.0,0.0,0.0,0.0,0.0,0.0,0.0,0.0,0.0,0.0,0.0,0.0,0.0,0.0,0.0,0.0,0.0,0.0,0.0,0.0,0.0,0.0,0.0,0.0,0.0,0.0,0.0,0.0,0.0,0.0,0.0,0.0,0.0,0.0,0.0,0.0,0.0,0.0,0.0,0.0,0.0,0.0,0.0,0.0,0.0,0.0,0.0,0.0,0.0,0.0,0.0,0.0,0.0,0.0,0.0,0.0,0.0,0.0,0.0,0.043331658373772966,0.043331658373772966,0.043331658373772966,0.043331658373772966,0.043331658373772966,0.043331658373772966,0.0,0.0,0.0,53146.63601030441
119,2022-05-31,50795.01216752881,51051.67756253389,57602.01008451456,49866.24330077733,51896.346527740076,0.0,0.0,0.0,0.0,0.0,0.0,0.0,0.0,0.0,0.0,0.0,0.0,0.0,0.0,0.0,0.0,0.0,0.0,0.0,0.0,0.0,0.0,0.0,0.0,0.0,0.0,0.0,0.0,0.0,0.0,0.0,0.0,0.0,0.0,0.0,0.0,0.0,0.0,0.0,0.0,0.0,0.0,0.0,0.0,0.0,0.0,0.0,0.0,0.0,0.0,0.0,0.0,0.0,0.0,0.0,0.0,0.0,0.0,0.0,0.0,0.0,0.0,0.0,0.06658511531716019,0.06658511531716019,0.06658511531716019,0.06658511531716019,0.06658511531716019,0.06658511531716019,0.0,0.0,0.0,54177.20391024027
120,2022-06-01,50650.674815899605,48948.816998546194,55750.03790159031,49526.20066066181,51915.68151224852,0.0,0.0,0.0,0.0,0.0,0.0,0.0,0.0,0.0,0.0,0.0,0.0,0.0,0.0,0.0,0.0,0.0,0.0,0.0,0.0,0.0,0.0,0.0,0.0,0.0,0.0,0.0,0.0,0.0,0.0,0.0,0.0,0.0,0.0,0.0,0.0,0.0,0.0,0.0,0.0,0.0,0.0,0.0,0.0,0.0,0.0,0.0,0.0,0.0,0.0,0.0,0.0,0.0,0.0,0.0,0.0,0.0,0.0,0.0,0.0,0.0,0.0,0.0,0.03282141640888486,0.03282141640888486,0.03282141640888486,0.03282141640888486,0.03282141640888486,0.03282141640888486,0.0,0.0,0.0,52313.101705423265
121,2022-06-02,50506.33746427038,48077.639074217695,55158.76830497495,49188.59825000591,51966.32076095378,0.0,0.0,0.0,0.0,0.0,0.0,0.0,0.0,0.0,0.0,0.0,0.0,0.0,0.0,0.0,0.0,0.0,0.0,0.0,0.0,0.0,0.0,0.0,0.0,0.0,0.0,0.0,0.0,0.0,0.0,0.0,0.0,0.0,0.0,0.0,0.0,0.0,0.0,0.0,0.0,0.0,0.0,0.0,0.0,0.0,0.0,0.0,0.0,0.0,0.0,0.0,0.0,0.0,0.0,0.0,0.0,0.0,0.0,0.0,0.0,0.0,0.0,0.0,0.018747008030968303,0.018747008030968303,0.018747008030968303,0.018747008030968303,0.018747008030968303,0.018747008030968303,0.0,0.0,0.0,51453.18017832786
122,2022-06-03,50362.00011264116,45555.44640078183,52618.96817519925,48837.07082874579,52016.69614210128,0.0,0.0,0.0,0.0,0.0,0.0,0.0,0.0,0.0,0.0,0.0,0.0,0.0,0.0,0.0,0.0,0.0,0.0,0.0,0.0,0.0,0.0,0.0,0.0,0.0,0.0,0.0,0.0,0.0,0.0,0.0,0.0,0.0,0.0,0.0,0.0,0.0,0.0,0.0,0.0,0.0,0.0,0.0,0.0,0.0,0.0,0.0,0.0,0.0,0.0,0.0,0.0,0.0,0.0,0.0,0.0,0.0,0.0,0.0,0.0,0.0,0.0,0.0,-0.025231822349952877,-0.025231822349952877,-0.025231822349952877,-0.025231822349952877,-0.025231822349952877,-0.025231822349952877,0.0,0.0,0.0,49091.27507261069
123,2022-06-04,50217.66276101194,41091.251857864794,48085.24149165848,48455.174622363935,52078.75112189812,0.0,0.0,0.0,0.0,0.0,0.0,0.0,0.0,0.0,0.0,0.0,0.0,0.0,0.0,0.0,0.0,0.0,0.0,0.0,0.0,0.0,0.0,0.0,0.0,0.0,0.0,0.0,0.0,0.0,0.0,0.0,0.0,0.0,0.0,0.0,0.0,0.0,0.0,0.0,0.0,0.0,0.0,0.0,0.0,0.0,0.0,0.0,0.0,0.0,0.0,0.0,0.0,0.0,0.0,0.0,0.0,0.0,0.0,0.0,0.0,0.0,0.0,0.0,-0.11497868590043091,-0.11497868590043091,-0.11497868590043091,-0.11497868590043091,-0.11497868590043091,-0.11497868590043091,0.0,0.0,0.0,44443.70188775978
124,2022-06-05,50073.32540938272,45443.96802970703,53034.35547992844,48107.315882422445,52107.525363524706,0.0,0.0,0.0,0.0,0.0,0.0,0.0,0.0,0.0,0.0,0.0,0.0,0.0,0.0,0.0,0.0,0.0,0.0,0.0,0.0,0.0,0.0,0.0,0.0,0.0,0.0,0.0,0.0,0.0,0.0,0.0,0.0,0.0,0.0,0.0,0.0,0.0,0.0,0.0,0.0,0.0,0.0,0.0,0.0,0.0,0.0,0.0,0.0,0.0,0.0,0.0,0.0,0.0,0.0,0.0,0.0,0.0,0.0,0.0,0.0,0.0,0.0,0.0,-0.021274689880422894,-0.021274689880422894,-0.021274689880422894,-0.021274689880422894,-0.021274689880422894,-0.021274689880422894,0.0,0.0,0.0,49008.0309400166
125,2022-06-06,49928.98805775349,48300.329308424276,56098.9950153555,47733.37418639399,52176.80062050089,0.0,0.0,0.0,0.0,0.0,0.0,0.0,0.0,0.0,0.0,0.0,0.0,0.0,0.0,0.0,0.0,0.0,0.0,0.0,0.0,0.0,0.0,0.0,0.0,0.0,0.0,0.0,0.0,0.0,0.0,0.0,0.0,0.0,0.0,0.0,0.0,0.0,0.0,0.0,0.0,0.0,0.0,0.0,0.0,0.0,0.0,0.0,0.0,0.0,0.0,0.0,0.0,0.0,0.0,0.0,0.0,0.0,0.0,0.0,0.0,0.0,0.0,0.0,0.04333165837375639,0.04333165837375639,0.04333165837375639,0.04333165837375639,0.04333165837375639,0.04333165837375639,0.0,0.0,0.0,52092.49391121943
126,2022-06-07,49784.650706124274,48929.560483332265,57489.3964198198,47381.44288122172,52198.32526129027,0.0,0.0,0.0,0.0,0.0,0.0,0.0,0.0,0.0,0.0,0.0,0.0,0.0,0.0,0.0,0.0,0.0,0.0,0.0,0.0,0.0,0.0,0.0,0.0,0.0,0.0,0.0,0.0,0.0,0.0,0.0,0.0,0.0,0.0,0.0,0.0,0.0,0.0,0.0,0.0,0.0,0.0,0.0,0.0,0.0,0.0,0.0,0.0,0.0,0.0,0.0,0.0,0.0,0.0,0.0,0.0,0.0,0.0,0.0,0.0,0.0,0.0,0.0,0.066585115317112,0.066585115317112,0.066585115317112,0.066585115317112,0.066585115317112,0.066585115317112,0.0,0.0,0.0,53099.5674144137
127,2022-06-08,49640.31335449506,46966.78840727667,55668.50169343346,47010.338595504225,52285.364536760266,0.0,0.0,0.0,0.0,0.0,0.0,0.0,0.0,0.0,0.0,0.0,0.0,0.0,0.0,0.0,0.0,0.0,0.0,0.0,0.0,0.0,0.0,0.0,0.0,0.0,0.0,0.0,0.0,0.0,0.0,0.0,0.0,0.0,0.0,0.0,0.0,0.0,0.0,0.0,0.0,0.0,0.0,0.0,0.0,0.0,0.0,0.0,0.0,0.0,0.0,0.0,0.0,0.0,0.0,0.0,0.0,0.0,0.0,0.0,0.0,0.0,0.0,0.0,0.032821416409028095,0.032821416409028095,0.032821416409028095,0.032821416409028095,0.032821416409028095,0.032821416409028095,0.0,0.0,0.0,51269.57874977758
128,2022-06-09,49495.97600286584,46357.469510730705,54847.65112847615,46608.05761641089,52433.04584033689,0.0,0.0,0.0,0.0,0.0,0.0,0.0,0.0,0.0,0.0,0.0,0.0,0.0,0.0,0.0,0.0,0.0,0.0,0.0,0.0,0.0,0.0,0.0,0.0,0.0,0.0,0.0,0.0,0.0,0.0,0.0,0.0,0.0,0.0,0.0,0.0,0.0,0.0,0.0,0.0,0.0,0.0,0.0,0.0,0.0,0.0,0.0,0.0,0.0,0.0,0.0,0.0,0.0,0.0,0.0,0.0,0.0,0.0,0.0,0.0,0.0,0.0,0.0,0.018747008031034827,0.018747008031034827,0.018747008031034827,0.018747008031034827,0.018747008031034827,0.018747008031034827,0.0,0.0,0.0,50423.877462495475
129,2022-06-10,49351.63865123662,44108.38685070402,52421.57718029856,46276.62752832724,52525.262621174355,0.0,0.0,0.0,0.0,0.0,0.0,0.0,0.0,0.0,0.0,0.0,0.0,0.0,0.0,0.0,0.0,0.0,0.0,0.0,0.0,0.0,0.0,0.0,0.0,0.0,0.0,0.0,0.0,0.0,0.0,0.0,0.0,0.0,0.0,0.0,0.0,0.0,0.0,0.0,0.0,0.0,0.0,0.0,0.0,0.0,0.0,0.0,0.0,0.0,0.0,0.0,0.0,0.0,0.0,0.0,0.0,0.0,0.0,0.0,0.0,0.0,0.0,0.0,-0.02523182234991997,-0.02523182234991997,-0.02523182234991997,-0.02523182234991997,-0.02523182234991997,-0.02523182234991997,0.0,0.0,0.0,48106.406872111176
130,2022-06-11,49207.301299607396,39283.15577608802,47980.64078787681,45915.160311008025,52622.88177648149,0.0,0.0,0.0,0.0,0.0,0.0,0.0,0.0,0.0,0.0,0.0,0.0,0.0,0.0,0.0,0.0,0.0,0.0,0.0,0.0,0.0,0.0,0.0,0.0,0.0,0.0,0.0,0.0,0.0,0.0,0.0,0.0,0.0,0.0,0.0,0.0,0.0,0.0,0.0,0.0,0.0,0.0,0.0,0.0,0.0,0.0,0.0,0.0,0.0,0.0,0.0,0.0,0.0,0.0,0.0,0.0,0.0,0.0,0.0,0.0,0.0,0.0,0.0,-0.1149786859004108,-0.1149786859004108,-0.1149786859004108,-0.1149786859004108,-0.1149786859004108,-0.1149786859004108,0.0,0.0,0.0,43549.51045947296
131,2022-06-12,49062.963947978176,43343.99203300716,53048.5200196129,45576.51112968753,52700.845947346104,0.0,0.0,0.0,0.0,0.0,0.0,0.0,0.0,0.0,0.0,0.0,0.0,0.0,0.0,0.0,0.0,0.0,0.0,0.0,0.0,0.0,0.0,0.0,0.0,0.0,0.0,0.0,0.0,0.0,0.0,0.0,0.0,0.0,0.0,0.0,0.0,0.0,0.0,0.0,0.0,0.0,0.0,0.0,0.0,0.0,0.0,0.0,0.0,0.0,0.0,0.0,0.0,0.0,0.0,0.0,0.0,0.0,0.0,0.0,0.0,0.0,0.0,0.0,-0.021274689880347447,-0.021274689880347447,-0.021274689880347447,-0.021274689880347447,-0.021274689880347447,-0.021274689880347447,0.0,0.0,0.0,48019.16460537427
132,2022-06-13,48918.626596348964,45742.1501396839,56481.20027983352,45149.9599177058,52820.469068467304,0.0,0.0,0.0,0.0,0.0,0.0,0.0,0.0,0.0,0.0,0.0,0.0,0.0,0.0,0.0,0.0,0.0,0.0,0.0,0.0,0.0,0.0,0.0,0.0,0.0,0.0,0.0,0.0,0.0,0.0,0.0,0.0,0.0,0.0,0.0,0.0,0.0,0.0,0.0,0.0,0.0,0.0,0.0,0.0,0.0,0.0,0.0,0.0,0.0,0.0,0.0,0.0,0.0,0.0,0.0,0.0,0.0,0.0,0.0,0.0,0.0,0.0,0.0,0.04333165837381165,0.04333165837381165,0.04333165837381165,0.04333165837381165,0.04333165837381165,0.04333165837381165,0.0,0.0,0.0,51038.35181213802
133,2022-06-14,48774.289244719745,46760.43006034145,57454.49914599079,44754.19169148353,53005.45661074522,0.0,0.0,0.0,0.0,0.0,0.0,0.0,0.0,0.0,0.0,0.0,0.0,0.0,0.0,0.0,0.0,0.0,0.0,0.0,0.0,0.0,0.0,0.0,0.0,0.0,0.0,0.0,0.0,0.0,0.0,0.0,0.0,0.0,0.0,0.0,0.0,0.0,0.0,0.0,0.0,0.0,0.0,0.0,0.0,0.0,0.0,0.0,0.0,0.0,0.0,0.0,0.0,0.0,0.0,0.0,0.0,0.0,0.0,0.0,0.0,0.0,0.0,0.0,0.06658511531719462,0.06658511531719462,0.06658511531719462,0.06658511531719462,0.06658511531719462,0.06658511531719462,0.0,0.0,0.0,52021.930918593614
134,2022-06-15,48629.951893090525,45118.3713205269,55924.57959377389,44387.92020547184,53162.69101226768,0.0,0.0,0.0,0.0,0.0,0.0,0.0,0.0,0.0,0.0,0.0,0.0,0.0,0.0,0.0,0.0,0.0,0.0,0.0,0.0,0.0,0.0,0.0,0.0,0.0,0.0,0.0,0.0,0.0,0.0,0.0,0.0,0.0,0.0,0.0,0.0,0.0,0.0,0.0,0.0,0.0,0.0,0.0,0.0,0.0,0.0,0.0,0.0,0.0,0.0,0.0,0.0,0.0,0.0,0.0,0.0,0.0,0.0,0.0,0.0,0.0,0.0,0.0,0.03282141640892809,0.03282141640892809,0.03282141640892809,0.03282141640892809,0.03282141640892809,0.03282141640892809,0.0,0.0,0.0,50226.055794119784
135,2022-06-16,48485.614541461306,43703.007511766926,55289.76960542845,44032.34215034587,53255.72851455423,0.0,0.0,0.0,0.0,0.0,0.0,0.0,0.0,0.0,0.0,0.0,0.0,0.0,0.0,0.0,0.0,0.0,0.0,0.0,0.0,0.0,0.0,0.0,0.0,0.0,0.0,0.0,0.0,0.0,0.0,0.0,0.0,0.0,0.0,0.0,0.0,0.0,0.0,0.0,0.0,0.0,0.0,0.0,0.0,0.0,0.0,0.0,0.0,0.0,0.0,0.0,0.0,0.0,0.0,0.0,0.0,0.0,0.0,0.0,0.0,0.0,0.0,0.0,0.018747008030877754,0.018747008030877754,0.018747008030877754,0.018747008030877754,0.018747008030877754,0.018747008030877754,0.0,0.0,0.0,49394.57474665213
136,2022-06-17,48341.27718983208,41090.50101556755,53084.17028245371,43617.41178804733,53314.1361016741,0.0,0.0,0.0,0.0,0.0,0.0,0.0,0.0,0.0,0.0,0.0,0.0,0.0,0.0,0.0,0.0,0.0,0.0,0.0,0.0,0.0,0.0,0.0,0.0,0.0,0.0,0.0,0.0,0.0,0.0,0.0,0.0,0.0,0.0,0.0,0.0,0.0,0.0,0.0,0.0,0.0,0.0,0.0,0.0,0.0,0.0,0.0,0.0,0.0,0.0,0.0,0.0,0.0,0.0,0.0,0.0,0.0,0.0,0.0,0.0,0.0,0.0,0.0,-0.025231822350046704,-0.025231822350046704,-0.025231822350046704,-0.025231822350046704,-0.025231822350046704,-0.025231822350046704,0.0,0.0,0.0,47121.53867160387
137,2022-06-18,48196.93983820287,36838.31725446148,48580.87530316759,43105.42700884092,53528.56112338117,0.0,0.0,0.0,0.0,0.0,0.0,0.0,0.0,0.0,0.0,0.0,0.0,0.0,0.0,0.0,0.0,0.0,0.0,0.0,0.0,0.0,0.0,0.0,0.0,0.0,0.0,0.0,0.0,0.0,0.0,0.0,0.0,0.0,0.0,0.0,0.0,0.0,0.0,0.0,0.0,0.0,0.0,0.0,0.0,0.0,0.0,0.0,0.0,0.0,0.0,0.0,0.0,0.0,0.0,0.0,0.0,0.0,0.0,0.0,0.0,0.0,0.0,0.0,-0.11497868590045482,-0.11497868590045482,-0.11497868590045482,-0.11497868590045482,-0.11497868590045482,-0.11497868590045482,0.0,0.0,0.0,42655.319031183026
138,2022-06-19,48052.60248657365,40898.00874405241,53853.971353482455,42672.72076045886,53720.31475934427,0.0,0.0,0.0,0.0,0.0,0.0,0.0,0.0,0.0,0.0,0.0,0.0,0.0,0.0,0.0,0.0,0.0,0.0,0.0,0.0,0.0,0.0,0.0,0.0,0.0,0.0,0.0,0.0,0.0,0.0,0.0,0.0,0.0,0.0,0.0,0.0,0.0,0.0,0.0,0.0,0.0,0.0,0.0,0.0,0.0,0.0,0.0,0.0,0.0,0.0,0.0,0.0,0.0,0.0,0.0,0.0,0.0,0.0,0.0,0.0,0.0,0.0,0.0,-0.021274689880715198,-0.021274689880715198,-0.021274689880715198,-0.021274689880715198,-0.021274689880715198,-0.021274689880715198,0.0,0.0,0.0,47030.298270710504
139,2022-06-20,47908.26513494443,42927.39834415371,56944.68955296889,42195.03958027652,53879.15707813778,0.0,0.0,0.0,0.0,0.0,0.0,0.0,0.0,0.0,0.0,0.0,0.0,0.0,0.0,0.0,0.0,0.0,0.0,0.0,0.0,0.0,0.0,0.0,0.0,0.0,0.0,0.0,0.0,0.0,0.0,0.0,0.0,0.0,0.0,0.0,0.0,0.0,0.0,0.0,0.0,0.0,0.0,0.0,0.0,0.0,0.0,0.0,0.0,0.0,0.0,0.0,0.0,0.0,0.0,0.0,0.0,0.0,0.0,0.0,0.0,0.0,0.0,0.0,0.04333165837379507,0.04333165837379507,0.04333165837379507,0.04333165837379507,0.04333165837379507,0.04333165837379507,0.0,0.0,0.0,49984.20971305304
140,2022-06-21,47763.92778331521,43641.77606154359,58156.62203477231,41726.68817660215,54073.14335226252,0.0,0.0,0.0,0.0,0.0,0.0,0.0,0.0,0.0,0.0,0.0,0.0,0.0,0.0,0.0,0.0,0.0,0.0,0.0,0.0,0.0,0.0,0.0,0.0,0.0,0.0,0.0,0.0,0.0,0.0,0.0,0.0,0.0,0.0,0.0,0.0,0.0,0.0,0.0,0.0,0.0,0.0,0.0,0.0,0.0,0.0,0.0,0.0,0.0,0.0,0.0,0.0,0.0,0.0,0.0,0.0,0.0,0.0,0.0,0.0,0.0,0.0,0.0,0.06658511531714642,0.06658511531714642,0.06658511531714642,0.06658511531714642,0.06658511531714642,0.06658511531714642,0.0,0.0,0.0,50944.2944227671
141,2022-06-22,47619.59043168598,41860.234422041576,56992.41895137803,41268.657687136656,54295.807257430206,0.0,0.0,0.0,0.0,0.0,0.0,0.0,0.0,0.0,0.0,0.0,0.0,0.0,0.0,0.0,0.0,0.0,0.0,0.0,0.0,0.0,0.0,0.0,0.0,0.0,0.0,0.0,0.0,0.0,0.0,0.0,0.0,0.0,0.0,0.0,0.0,0.0,0.0,0.0,0.0,0.0,0.0,0.0,0.0,0.0,0.0,0.0,0.0,0.0,0.0,0.0,0.0,0.0,0.0,0.0,0.0,0.0,0.0,0.0,0.0,0.0,0.0,0.0,0.03282141640886151,0.03282141640886151,0.03282141640886151,0.03282141640886151,0.03282141640886151,0.03282141640886151,0.0,0.0,0.0,49182.53283846379
142,2022-06-23,47475.25308005677,40808.10015643063,56113.36334225139,40713.420418819995,54463.865500402295,0.0,0.0,0.0,0.0,0.0,0.0,0.0,0.0,0.0,0.0,0.0,0.0,0.0,0.0,0.0,0.0,0.0,0.0,0.0,0.0,0.0,0.0,0.0,0.0,0.0,0.0,0.0,0.0,0.0,0.0,0.0,0.0,0.0,0.0,0.0,0.0,0.0,0.0,0.0,0.0,0.0,0.0,0.0,0.0,0.0,0.0,0.0,0.0,0.0,0.0,0.0,0.0,0.0,0.0,0.0,0.0,0.0,0.0,0.0,0.0,0.0,0.0,0.0,0.018747008030944274,0.018747008030944274,0.018747008030944274,0.018747008030944274,0.018747008030944274,0.018747008030944274,0.0,0.0,0.0,48365.2720308197
143,2022-06-24,47330.91572842755,38621.4019004688,53879.00500452388,40196.49124820862,54653.53453956408,0.0,0.0,0.0,0.0,0.0,0.0,0.0,0.0,0.0,0.0,0.0,0.0,0.0,0.0,0.0,0.0,0.0,0.0,0.0,0.0,0.0,0.0,0.0,0.0,0.0,0.0,0.0,0.0,0.0,0.0,0.0,0.0,0.0,0.0,0.0,0.0,0.0,0.0,0.0,0.0,0.0,0.0,0.0,0.0,0.0,0.0,0.0,0.0,0.0,0.0,0.0,0.0,0.0,0.0,0.0,0.0,0.0,0.0,0.0,0.0,0.0,0.0,0.0,-0.025231822350093604,-0.025231822350093604,-0.025231822350093604,-0.025231822350093604,-0.025231822350093604,-0.025231822350093604,0.0,0.0,0.0,46136.67047110062
144,2022-06-25,47186.57837679833,34515.21556555108,49185.68196314177,39809.640529829485,54833.567458817095,0.0,0.0,0.0,0.0,0.0,0.0,0.0,0.0,0.0,0.0,0.0,0.0,0.0,0.0,0.0,0.0,0.0,0.0,0.0,0.0,0.0,0.0,0.0,0.0,0.0,0.0,0.0,0.0,0.0,0.0,0.0,0.0,0.0,0.0,0.0,0.0,0.0,0.0,0.0,0.0,0.0,0.0,0.0,0.0,0.0,0.0,0.0,0.0,0.0,0.0,0.0,0.0,0.0,0.0,0.0,0.0,0.0,0.0,0.0,0.0,0.0,0.0,0.0,-0.11497868590040905,-0.11497868590040905,-0.11497868590040905,-0.11497868590040905,-0.11497868590040905,-0.11497868590040905,0.0,0.0,0.0,41761.1276028974
145,2022-06-26,47042.24102516911,37632.21665978553,54551.073207146925,39260.47095415341,54935.15937656206,0.0,0.0,0.0,0.0,0.0,0.0,0.0,0.0,0.0,0.0,0.0,0.0,0.0,0.0,0.0,0.0,0.0,0.0,0.0,0.0,0.0,0.0,0.0,0.0,0.0,0.0,0.0,0.0,0.0,0.0,0.0,0.0,0.0,0.0,0.0,0.0,0.0,0.0,0.0,0.0,0.0,0.0,0.0,0.0,0.0,0.0,0.0,0.0,0.0,0.0,0.0,0.0,0.0,0.0,0.0,0.0,0.0,0.0,0.0,0.0,0.0,0.0,0.0,-0.02127468988061766,-0.02127468988061766,-0.02127468988061766,-0.02127468988061766,-0.02127468988061766,-0.02127468988061766,0.0,0.0,0.0,46041.43193606937
146,2022-06-27,46897.90367353989,40346.83949119759,57995.921175393574,38716.165279646426,55079.30309224581,0.0,0.0,0.0,0.0,0.0,0.0,0.0,0.0,0.0,0.0,0.0,0.0,0.0,0.0,0.0,0.0,0.0,0.0,0.0,0.0,0.0,0.0,0.0,0.0,0.0,0.0,0.0,0.0,0.0,0.0,0.0,0.0,0.0,0.0,0.0,0.0,0.0,0.0,0.0,0.0,0.0,0.0,0.0,0.0,0.0,0.0,0.0,0.0,0.0,0.0,0.0,0.0,0.0,0.0,0.0,0.0,0.0,0.0,0.0,0.0,0.0,0.0,0.0,0.043331658373922166,0.043331658373922166,0.043331658373922166,0.043331658373922166,0.043331658373922166,0.043331658373922166,0.0,0.0,0.0,48930.06761397484
147,2022-06-28,46753.56632191067,40023.40592478008,59441.33669421936,38159.39151815754,55347.92970483786,0.0,0.0,0.0,0.0,0.0,0.0,0.0,0.0,0.0,0.0,0.0,0.0,0.0,0.0,0.0,0.0,0.0,0.0,0.0,0.0,0.0,0.0,0.0,0.0,0.0,0.0,0.0,0.0,0.0,0.0,0.0,0.0,0.0,0.0,0.0,0.0,0.0,0.0,0.0,0.0,0.0,0.0,0.0,0.0,0.0,0.0,0.0,0.0,0.0,0.0,0.0,0.0,0.0,0.0,0.0,0.0,0.0,0.0,0.0,0.0,0.0,0.0,0.0,0.06658511531720561,0.06658511531720561,0.06658511531720561,0.06658511531720561,0.06658511531720561,0.06658511531720561,0.0,0.0,0.0,49866.657926945714
148,2022-06-29,46609.228970281445,38416.41681895467,57927.218914262085,37537.87205196935,55557.3770476976,0.0,0.0,0.0,0.0,0.0,0.0,0.0,0.0,0.0,0.0,0.0,0.0,0.0,0.0,0.0,0.0,0.0,0.0,0.0,0.0,0.0,0.0,0.0,0.0,0.0,0.0,0.0,0.0,0.0,0.0,0.0,0.0,0.0,0.0,0.0,0.0,0.0,0.0,0.0,0.0,0.0,0.0,0.0,0.0,0.0,0.0,0.0,0.0,0.0,0.0,0.0,0.0,0.0,0.0,0.0,0.0,0.0,0.0,0.0,0.0,0.0,0.0,0.0,0.03282141640900476,0.03282141640900476,0.03282141640900476,0.03282141640900476,0.03282141640900476,0.03282141640900476,0.0,0.0,0.0,48139.00988281771
149,2022-06-30,46464.89161865223,37066.72188209214,57346.63416342342,37041.852921235324,55809.32700581151,0.0,0.0,0.0,0.0,0.0,0.0,0.0,0.0,0.0,0.0,0.0,0.0,0.0,0.0,0.0,0.0,0.0,0.0,0.0,0.0,0.0,0.0,0.0,0.0,0.0,0.0,0.0,0.0,0.0,0.0,0.0,0.0,0.0,0.0,0.0,0.0,0.0,0.0,0.0,0.0,0.0,0.0,0.0,0.0,0.0,0.0,0.0,0.0,0.0,0.0,0.0,0.0,0.0,0.0,0.0,0.0,0.0,0.0,0.0,0.0,0.0,0.0,0.0,0.01874700803100819,0.01874700803100819,0.01874700803100819,0.01874700803100819,0.01874700803100819,0.01874700803100819,0.0,0.0,0.0,47335.96931498703
150,2022-07-01,46320.55426702301,34908.349911036006,55771.994806495786,36565.822874349535,56031.94859941115,0.0,0.0,0.0,0.0,0.0,0.0,0.0,0.0,0.0,0.0,0.0,0.0,0.0,0.0,0.0,0.0,0.0,0.0,0.0,0.0,0.0,0.0,0.0,0.0,0.0,0.0,0.0,0.0,0.0,0.0,0.0,0.0,0.0,0.0,0.0,0.0,0.0,0.0,0.0,0.0,0.0,0.0,0.0,0.0,0.0,0.0,0.0,0.0,0.0,0.0,0.0,0.0,0.0,0.0,0.0,0.0,0.0,0.0,0.0,0.0,0.0,0.0,0.0,-0.02523182235014051,-0.02523182235014051,-0.02523182235014051,-0.02523182235014051,-0.02523182235014051,-0.02523182235014051,0.0,0.0,0.0,45151.80227059744
151,2022-07-02,46176.216915393794,31295.575984062678,50735.74212118037,36068.180301096836,56311.55138997422,0.0,0.0,0.0,0.0,0.0,0.0,0.0,0.0,0.0,0.0,0.0,0.0,0.0,0.0,0.0,0.0,0.0,0.0,0.0,0.0,0.0,0.0,0.0,0.0,0.0,0.0,0.0,0.0,0.0,0.0,0.0,0.0,0.0,0.0,0.0,0.0,0.0,0.0,0.0,0.0,0.0,0.0,0.0,0.0,0.0,0.0,0.0,0.0,0.0,0.0,0.0,0.0,0.0,0.0,0.0,0.0,0.0,0.0,0.0,0.0,0.0,0.0,0.0,-0.114978685900421,-0.114978685900421,-0.114978685900421,-0.114978685900421,-0.114978685900421,-0.114978685900421,0.0,0.0,0.0,40866.93617460902
152,2022-07-03,46031.879563764574,34505.44537636981,55460.47200801937,35631.926161653515,56496.62609920559,0.0,0.0,0.0,0.0,0.0,0.0,0.0,0.0,0.0,0.0,0.0,0.0,0.0,0.0,0.0,0.0,0.0,0.0,0.0,0.0,0.0,0.0,0.0,0.0,0.0,0.0,0.0,0.0,0.0,0.0,0.0,0.0,0.0,0.0,0.0,0.0,0.0,0.0,0.0,0.0,0.0,0.0,0.0,0.0,0.0,0.0,0.0,0.0,0.0,0.0,0.0,0.0,0.0,0.0,0.0,0.0,0.0,0.0,0.0,0.0,0.0,0.0,0.0,-0.021274689880564315,-0.021274689880564315,-0.021274689880564315,-0.021274689880564315,-0.021274689880564315,-0.021274689880564315,0.0,0.0,0.0,45052.565601425995
153,2022-07-04,45887.54221213535,36170.62101821676,59720.545741605776,35038.70784774112,56674.01924370974,0.0,0.0,0.0,0.0,0.0,0.0,0.0,0.0,0.0,0.0,0.0,0.0,0.0,0.0,0.0,0.0,0.0,0.0,0.0,0.0,0.0,0.0,0.0,0.0,0.0,0.0,0.0,0.0,0.0,0.0,0.0,0.0,0.0,0.0,0.0,0.0,0.0,0.0,0.0,0.0,0.0,0.0,0.0,0.0,0.0,0.0,0.0,0.0,0.0,0.0,0.0,0.0,0.0,0.0,0.0,0.0,0.0,0.0,0.0,0.0,0.0,0.0,0.0,0.043331658373905596,0.043331658373905596,0.043331658373905596,0.043331658373905596,0.043331658373905596,0.043331658373905596,0.0,0.0,0.0,47875.92551488977
154,2022-07-05,45743.204860506135,37239.14347525721,60978.92696798052,34529.44161268785,56864.26581268216,0.0,0.0,0.0,0.0,0.0,0.0,0.0,0.0,0.0,0.0,0.0,0.0,0.0,0.0,0.0,0.0,0.0,0.0,0.0,0.0,0.0,0.0,0.0,0.0,0.0,0.0,0.0,0.0,0.0,0.0,0.0,0.0,0.0,0.0,0.0,0.0,0.0,0.0,0.0,0.0,0.0,0.0,0.0,0.0,0.0,0.0,0.0,0.0,0.0,0.0,0.0,0.0,0.0,0.0,0.0,0.0,0.0,0.0,0.0,0.0,0.0,0.0,0.0,0.06658511531705005,0.06658511531705005,0.06658511531705005,0.06658511531705005,0.06658511531705005,0.06658511531705005,0.0,0.0,0.0,48789.02143111438
155,2022-07-06,45598.867508876916,35003.92286784045,59957.641702552384,34055.32252478196,57149.20685988815,0.0,0.0,0.0,0.0,0.0,0.0,0.0,0.0,0.0,0.0,0.0,0.0,0.0,0.0,0.0,0.0,0.0,0.0,0.0,0.0,0.0,0.0,0.0,0.0,0.0,0.0,0.0,0.0,0.0,0.0,0.0,0.0,0.0,0.0,0.0,0.0,0.0,0.0,0.0,0.0,0.0,0.0,0.0,0.0,0.0,0.0,0.0,0.0,0.0,0.0,0.0,0.0,0.0,0.0,0.0,0.0,0.0,0.0,0.0,0.0,0.0,0.0,0.0,0.03282141640890474,0.03282141640890474,0.03282141640890474,0.03282141640890474,0.03282141640890474,0.03282141640890474,0.0,0.0,0.0,47095.48692716024
156,2022-07-07,45454.5301572477,33762.19614741039,59305.64456900462,33567.92376925741,57636.735060208855,0.0,0.0,0.0,0.0,0.0,0.0,0.0,0.0,0.0,0.0,0.0,0.0,0.0,0.0,0.0,0.0,0.0,0.0,0.0,0.0,0.0,0.0,0.0,0.0,0.0,0.0,0.0,0.0,0.0,0.0,0.0,0.0,0.0,0.0,0.0,0.0,0.0,0.0,0.0,0.0,0.0,0.0,0.0,0.0,0.0,0.0,0.0,0.0,0.0,0.0,0.0,0.0,0.0,0.0,0.0,0.0,0.0,0.0,0.0,0.0,0.0,0.0,0.0,0.01874700803107471,0.01874700803107471,0.01874700803107471,0.01874700803107471,0.01874700803107471,0.01874700803107471,0.0,0.0,0.0,46306.66659915435
157,2022-07-08,45310.19280561848,31852.683803708092,56362.14322534837,32950.25562882011,58014.44129297715,0.0,0.0,0.0,0.0,0.0,0.0,0.0,0.0,0.0,0.0,0.0,0.0,0.0,0.0,0.0,0.0,0.0,0.0,0.0,0.0,0.0,0.0,0.0,0.0,0.0,0.0,0.0,0.0,0.0,0.0,0.0,0.0,0.0,0.0,0.0,0.0,0.0,0.0,0.0,0.0,0.0,0.0,0.0,0.0,0.0,0.0,0.0,0.0,0.0,0.0,0.0,0.0,0.0,0.0,0.0,0.0,0.0,0.0,0.0,0.0,0.0,0.0,0.0,-0.02523182235018742,-0.02523182235018742,-0.02523182235018742,-0.02523182235018742,-0.02523182235018742,-0.02523182235018742,0.0,0.0,0.0,44166.93407009437
158,2022-07-09,45165.85545398925,28566.200181170218,51861.18331589457,32459.25199013168,58420.01554811567,0.0,0.0,0.0,0.0,0.0,0.0,0.0,0.0,0.0,0.0,0.0,0.0,0.0,0.0,0.0,0.0,0.0,0.0,0.0,0.0,0.0,0.0,0.0,0.0,0.0,0.0,0.0,0.0,0.0,0.0,0.0,0.0,0.0,0.0,0.0,0.0,0.0,0.0,0.0,0.0,0.0,0.0,0.0,0.0,0.0,0.0,0.0,0.0,0.0,0.0,0.0,0.0,0.0,0.0,0.0,0.0,0.0,0.0,0.0,0.0,0.0,0.0,0.0,-0.11497868590040092,-0.11497868590040092,-0.11497868590040092,-0.11497868590040092,-0.11497868590040092,-0.11497868590040092,0.0,0.0,0.0,39972.74474632211
159,2022-07-10,45021.51810236004,31228.84871929581,57324.26732255028,32096.657967010433,58683.878772017306,0.0,0.0,0.0,0.0,0.0,0.0,0.0,0.0,0.0,0.0,0.0,0.0,0.0,0.0,0.0,0.0,0.0,0.0,0.0,0.0,0.0,0.0,0.0,0.0,0.0,0.0,0.0,0.0,0.0,0.0,0.0,0.0,0.0,0.0,0.0,0.0,0.0,0.0,0.0,0.0,0.0,0.0,0.0,0.0,0.0,0.0,0.0,0.0,0.0,0.0,0.0,0.0,0.0,0.0,0.0,0.0,0.0,0.0,0.0,0.0,0.0,0.0,0.0,-0.021274689880466775,-0.021274689880466775,-0.021274689880466775,-0.021274689880466775,-0.021274689880466775,-0.021274689880466775,0.0,0.0,0.0,44063.699266784504
